AC,AT,AG,CA,CT,CG,TA,TC,TG,GA,GC,GT
0.0,0.0,0.0,0.0,0.0,0.0,0.0,0.0,0.0,0.0,0.0,0.0
0.0,0.0,0.0,0.0,0.0,0.0,0.0,0.0,0.0,0.0,0.0,0.0
0.0,0.0,0.0,0.0,0.0,0.0,0.0,0.0,0.0,0.0,0.0,0.0
0.0,0.0,0.0,0.0,0.0,0.0,0.0,0.0,0.0,0.0,0.0,0.0
0.0,0.0,0.0,0.0,0.0,0.0,0.0,0.0,0.0,0.0,0.0,0.0
0.0,0.0,0.0,0.0,0.0,0.0,0.0,0.0,0.0,0.0,0.0,7.79442667315163e-05
0.0,0.0,7.79442667315163e-05,0.0,0.0,0.0,0.0,0.0,0.0,0.0,0.0,0.0
0.0,0.0,7.79442667315163e-05,0.0,0.0,0.0,0.0,0.0,0.0,0.0,0.0,7.79442667315163e-05
0.0,0.0,0.0,0.0,7.79442667315163e-05,0.0,0.0,0.0,0.0,0.0,0.0,0.0
0.0,0.0,0.0,0.0,7.79442667315163e-05,0.0,0.0,0.0,0.0,0.0,0.0,0.0
0.0,0.0,7.79442667315163e-05,0.0,0.0,0.0,0.0,0.0,0.0,0.0,0.0,0.0
0.0,0.0,0.0,0.0,7.79442667315163e-05,0.0,0.0,0.0,0.0,0.0,0.0,0.0
0.0,0.0,0.0,0.0,7.79442667315163e-05,0.0,0.0,0.0,0.0,0.0,0.0,0.0
0.0,0.0,7.79442667315163e-05,0.0,0.0,0.0,0.0,0.0,0.0,0.0,0.0,0.0
0.0,0.0,7.79442667315163e-05,0.0,7.79442667315163e-05,0.0,0.0,0.0,0.0,0.0,0.0,0.0
0.0,0.0,7.79442667315163e-05,0.0,0.0,0.0,0.0,0.0,0.0,0.0,0.0,0.0
0.0,0.0,7.79442667315163e-05,0.0,0.0,0.0,0.0,0.0,0.0,0.0,0.0,0.0
0.0,0.0,0.0,0.0,7.79442667315163e-05,0.0,0.0,0.0,0.0,0.0,0.0,0.0
0.0,0.0,0.0,0.0,0.0,0.0,0.0,0.0,0.0,7.79442667315163e-05,0.0,0.0
0.0,0.0,0.0,0.0,7.79442667315163e-05,0.0,0.0,0.0,0.0,0.0,0.0,0.0
0.0,0.0,0.0,0.0,0.0,0.0,0.0,0.0,0.0,0.0,0.0,7.79442667315163e-05
0.0,0.0,0.0,0.0,0.0,0.0,0.0,7.79442667315163e-05,0.0,0.0,0.0,0.0
0.0,7.79442667315163e-05,0.0,0.0,7.79442667315163e-05,0.0,0.0,0.0,0.0,0.0,0.0,0.0
0.0,0.0,0.0001558885334630326,0.0,0.0,0.0,0.0,0.0,0.0,0.0,0.0,0.0
0.0,0.0,0.0,0.0,7.79442667315163e-05,0.0,0.0,0.0,0.0,0.0,0.0,0.0
0.0,0.0,0.0,0.0,0.0,0.0,0.0,7.79442667315163e-05,0.0,0.0,0.0,0.0
0.0,0.0,0.0,0.0,7.79442667315163e-05,0.0,0.0,0.0,0.0,7.79442667315163e-05,0.0,0.0
0.0,0.0,0.0,0.0,0.0,0.0,0.0,0.0,0.0,0.0,0.0,7.79442667315163e-05
0.0,0.0,7.79442667315163e-05,0.0,0.0,0.0,0.0,0.0,0.0,0.0,0.0,0.0
0.0,0.0,0.0,0.0,7.79442667315163e-05,0.0,0.0,0.0,0.0,0.0,0.0,0.0
0.0,0.0,0.0,0.0,0.0,0.0,0.0,0.0,0.0,0.0,0.0,7.79442667315163e-05
0.0,0.0,0.0,0.0,0.0,0.0,0.0,0.0,0.0,7.79442667315163e-05,0.0,0.0
0.0,0.0,7.79442667315163e-05,0.0,0.0,0.0,0.0,0.0,0.0,0.0,0.0,0.0
0.0,0.0,0.0,0.0,0.0,0.0,0.0,0.0,0.0,7.79442667315163e-05,0.0,0.0
0.0,0.0,0.0,0.0,7.79442667315163e-05,0.0,0.0,0.0,0.0,0.0,0.0,0.0
0.0,0.0,0.0,0.0,7.79442667315163e-05,0.0,0.0,0.0,0.0,0.0,0.0,0.0
0.0,0.0,0.0,0.0,0.0,0.0,0.0,7.79442667315163e-05,0.0,0.0,0.0,0.0
0.0,0.0,0.0,0.0,7.79442667315163e-05,0.0,0.0,0.0,0.0,0.0,0.0,0.0
0.0,0.0,0.0,0.0,0.0,0.0,0.0,0.0,0.0,0.0,0.0,7.79442667315163e-05
0.0,0.0,0.0,0.0,0.0,0.0,0.0,0.0,0.0,0.0,0.0,7.79442667315163e-05
0.0,0.0,0.0,0.0,0.0,0.0,0.0,0.0,0.0,0.0,0.0,7.79442667315163e-05
0.0,0.0,0.0,0.0,7.79442667315163e-05,0.0,0.0,0.0,0.0,0.0,0.0,0.0
0.0,0.0,0.0,0.0,7.79442667315163e-05,0.0,0.0,0.0,0.0,7.79442667315163e-05,0.0,0.0
0.0,0.0,7.79442667315163e-05,0.0,0.0,0.0,0.0,0.0,0.0,0.0,0.0,0.0
0.0,0.0,7.79442667315163e-05,0.0,0.0,0.0,0.0,0.0,0.0,0.0,0.0,0.0
0.0,0.0,0.0,0.0,0.0,0.0,0.0,0.0,0.0,7.79442667315163e-05,0.0,0.0
0.0,0.0,0.0,0.0,7.79442667315163e-05,0.0,0.0,0.0,0.0,0.0,0.0,0.0
0.0,0.0,7.79442667315163e-05,0.0,0.0,0.0,0.0,0.0,0.0,0.0,0.0,0.0
0.0,0.0,0.0,0.0,0.0,0.0,0.0,7.79442667315163e-05,0.0,0.0,0.0,0.0
0.0,0.0,0.0,0.0,0.0,0.0,0.0,0.0,0.0,0.0,0.0,7.79442667315163e-05
0.0,0.0,0.0,0.0,0.0,0.0,0.0,0.0,0.0,0.0,0.0,7.79442667315163e-05
0.0,0.0,0.0,0.0,0.0,0.0,0.0,7.79442667315163e-05,0.0,0.0,0.0,0.0
0.0,0.0,0.0,0.0,0.0,0.0,0.0,7.79442667315163e-05,0.0,0.0,0.0,0.0
0.0,0.0,0.0,0.0,7.79442667315163e-05,0.0,0.0,0.0,0.0,0.0,0.0,0.0
0.0,0.0,0.0,0.0,0.0,0.0,0.0,0.0,0.0,0.0,0.0,7.79442667315163e-05
0.0,0.0,0.0,7.79442667315163e-05,0.0,0.0,0.0,0.0,0.0,0.0,0.0,0.0
0.0,0.0,0.0,0.0,0.0,0.0,0.0,7.79442667315163e-05,0.0,0.0,0.0,0.0
0.0,0.0,0.0,0.0,7.79442667315163e-05,0.0,0.0,0.0,0.0,0.0,0.0,0.0
0.0,0.0,0.0,0.0,7.79442667315163e-05,0.0,0.0,0.0,0.0,0.0,0.0,7.79442667315163e-05
0.0,0.0,0.0,0.0,0.0,0.0,0.0,7.79442667315163e-05,0.0,0.0,0.0,0.0
0.0,0.0,0.0,0.0,0.0,0.0,0.0,0.0,0.0,0.0,7.79442667315163e-05,0.0
0.0,0.0,7.79442667315163e-05,0.0,0.0,0.0,0.0,0.0,0.0,0.0,0.0,0.0
0.0,0.0,0.0,0.0,0.0,0.0,0.0,0.0,7.79442667315163e-05,0.0,0.0,0.0
0.0,0.0,0.0,0.0,7.79442667315163e-05,0.0,0.0,0.0,0.0,0.0,0.0,0.0
0.0,0.0,0.0,0.0,0.0001558885334630326,0.0,0.0,0.0,0.0,0.0,0.0,0.0
0.0,0.0,0.0,0.0,0.0001558885334630326,0.0,0.0,0.0,0.0,0.0,0.0,0.0
0.0,0.0,7.79442667315163e-05,0.0,7.79442667315163e-05,0.0,0.0,7.79442667315163e-05,0.0,0.0,0.0,0.0
0.0,0.0,0.0,0.0,7.79442667315163e-05,0.0,0.0,7.79442667315163e-05,0.0,0.0,0.0,0.0
0.0,0.0,0.0,0.0,0.0,0.0,0.0,7.79442667315163e-05,0.0,0.0,0.0,7.79442667315163e-05
0.0,0.0,0.0,0.0,0.0,0.0,0.0,7.79442667315163e-05,0.0,0.0,0.0,0.0001558885334630326
0.0,0.0,0.0,0.0,0.0,0.0,0.0,7.79442667315163e-05,0.0,0.0,0.0,0.0
0.0,0.0,0.0,0.0,0.0,0.0,0.0,0.0,0.0,0.0,0.0,7.79442667315163e-05
0.0,0.0,7.79442667315163e-05,0.0,0.0,0.0,0.0,0.0,0.0,0.0,0.0,0.0
0.0,0.0,0.0,0.0,7.79442667315163e-05,0.0,0.0,7.79442667315163e-05,0.0,0.0,0.0,0.0
0.0,0.0,0.0,0.0,0.0,0.0,0.0,0.0,0.0,0.0,0.0,7.79442667315163e-05
0.0,0.0,0.0,0.0,7.79442667315163e-05,0.0,0.0,0.0,0.0,0.0,0.0,0.0
0.0,0.0,0.0,0.0,7.79442667315163e-05,0.0,0.0,0.0,0.0,0.0,0.0,7.79442667315163e-05
0.0,0.0,0.0,0.0,0.0,0.0,0.0,0.0,0.0,0.0,0.0,7.79442667315163e-05
0.0,0.0,0.0,0.0,0.0,0.0,0.0,0.0,0.0,0.0,0.0,0.0001558885334630326
0.0,0.0,0.0,0.0,0.0,0.0,0.0,7.79442667315163e-05,0.0,0.0,0.0,0.0
0.0,0.0,0.0,0.0,0.0,0.0,0.0,7.79442667315163e-05,0.0,0.0,0.0,0.0
0.0,0.0,0.0,0.0,7.79442667315163e-05,0.0,0.0,0.0,0.0,0.0,0.0,0.0
0.0,0.0,0.0,0.0,7.79442667315163e-05,0.0,0.0,0.0,0.0,0.0,0.0,7.79442667315163e-05
0.0,0.0,0.0,0.0,7.79442667315163e-05,0.0,0.0,0.0,0.0,0.0,0.0,0.0
0.0,0.0,0.0,0.0,7.79442667315163e-05,0.0,0.0,0.0,0.0,0.0,0.0,7.79442667315163e-05
0.0,0.0,0.0001558885334630326,0.0,0.0,0.0,0.0,0.0,0.0,0.0,0.0,0.0
0.0,0.0,0.0,0.0,7.79442667315163e-05,0.0,0.0,0.0,0.0,0.0,0.0,0.0
0.0,0.0,0.0,0.0,0.0,0.0,0.0,0.0,0.0,0.0,0.0,7.79442667315163e-05
0.0,0.0,0.0,0.0,0.0001558885334630326,0.0,0.0,0.0,0.0,0.0,0.0,0.0
0.0,0.0,0.0,0.0,7.79442667315163e-05,0.0,0.0,0.0,0.0,7.79442667315163e-05,0.0,0.0
0.0,0.0,0.0,0.0,0.0,0.0,0.0,7.79442667315163e-05,0.0,0.0,0.0,7.79442667315163e-05
0.0,0.0,0.0,0.0,0.0,0.0,0.0,0.0,0.0,0.0,0.0,7.79442667315163e-05
0.0,0.0,0.0,0.0,7.79442667315163e-05,0.0,0.0,0.0,0.0,0.0,0.0,0.0
0.0,0.0,7.79442667315163e-05,0.0,0.0,0.0,0.0,0.0,0.0,0.0,0.0,0.0
0.0,0.0,0.0,0.0,0.0,0.0,0.0,0.0,0.0,0.0,0.0,7.79442667315163e-05
0.0,0.0,0.0,0.0,0.0001558885334630326,0.0,0.0,0.0,0.0,0.0,0.0,0.0
0.0,0.0,0.0,0.0,0.0,0.0,0.0,7.79442667315163e-05,0.0,0.0,0.0,7.79442667315163e-05
0.0,0.0,0.0,7.79442667315163e-05,0.0,0.0,0.0,0.0,0.0,0.0,0.0,0.0
0.0,0.0,0.0,0.0,7.79442667315163e-05,0.0,0.0,0.0,0.0,0.0,0.0,7.79442667315163e-05
0.0,0.0,7.79442667315163e-05,0.0,7.79442667315163e-05,0.0,0.0,0.0,0.0,0.0,0.0,0.0
0.0,0.0,0.0,0.0,7.79442667315163e-05,0.0,0.0,0.0,0.0,0.0,0.0,0.0
0.0,0.0,7.79442667315163e-05,0.0,7.79442667315163e-05,0.0,0.0,0.0,0.0,0.0,0.0,0.0
0.0,0.0,0.0,0.0,7.79442667315163e-05,0.0,0.0,0.0,0.0,0.0,0.0,0.0
0.0,0.0001558885334630326,0.0,0.0,0.0,0.0,0.0,0.0,0.0,0.0,0.0,7.79442667315163e-05
0.0,0.0,0.0,0.0,0.0,0.0,0.0,0.0,0.0,7.79442667315163e-05,0.0,0.0
0.0,0.0,0.0,0.0,0.0,0.0,0.0,0.0,0.0,0.0,0.0,7.79442667315163e-05
0.0,0.0,7.79442667315163e-05,0.0,0.0,0.0,0.0,0.0,0.0,0.0,0.0,7.79442667315163e-05
0.0,0.0,7.79442667315163e-05,0.0,7.79442667315163e-05,0.0,0.0,0.0,0.0,0.0,0.0,0.0
0.0,0.0,0.0,0.0,0.0,0.0,0.0,0.0,0.0,0.0,0.0,7.79442667315163e-05
0.0,0.0,0.0,0.0,0.0,0.0,0.0,7.79442667315163e-05,0.0,0.0,0.0,7.79442667315163e-05
0.0,0.0,0.0,0.0,0.0,0.0,0.0,0.0,7.79442667315163e-05,0.0,0.0,0.0
0.0,0.0,0.0,0.0,7.79442667315163e-05,0.0,0.0,0.0,0.0,0.0,0.0,0.0
0.0,0.0,0.0,0.0,7.79442667315163e-05,0.0,0.0,0.0,0.0,0.0,0.0,0.0
0.0,0.0,0.0,0.0,7.79442667315163e-05,0.0,0.0,0.0,0.0,0.0,0.0,0.0
0.0,0.0,7.79442667315163e-05,0.0,0.0,0.0,0.0,0.0,0.0,0.0,0.0,0.0
0.0,0.0,0.0,7.79442667315163e-05,0.0,0.0,0.0,0.0,0.0,0.0,0.0,0.0
0.0,0.0,0.0,0.0,7.79442667315163e-05,0.0,0.0,0.0,0.0,0.0,0.0,0.0
0.0,0.0,7.79442667315163e-05,0.0,7.79442667315163e-05,0.0,0.0,0.0,0.0,0.0,0.0,0.0
0.0,0.0,0.0,0.0,0.0,0.0,0.0,7.79442667315163e-05,0.0,0.0,0.0,7.79442667315163e-05
0.0,0.0,7.79442667315163e-05,0.0,0.0,0.0,0.0,0.0,0.0,0.0,0.0,7.79442667315163e-05
0.0,0.0,0.0,0.0,0.0001558885334630326,0.0,0.0,0.0,0.0,0.0,0.0,0.0
0.0,0.0,0.0,0.0,0.0,0.0,0.0,7.79442667315163e-05,0.0,0.0,0.0,0.0
0.0,0.0,7.79442667315163e-05,0.0,0.0,0.0,0.0,0.0,0.0,0.0,0.0,0.0
0.0,0.0,0.0,0.0,7.79442667315163e-05,0.0,0.0,0.0,0.0,0.0,0.0,0.0
0.0,0.0,0.0,7.79442667315163e-05,7.79442667315163e-05,0.0,0.0,0.0,0.0,0.0,0.0,0.0
0.0,0.0,0.0,0.0,0.0,0.0,0.0,0.0,0.0,7.79442667315163e-05,0.0,0.0
0.0,0.0,7.79442667315163e-05,0.0,0.0,0.0,0.0,0.0,0.0,0.0,0.0,0.0
0.0,0.0,7.79442667315163e-05,0.0,7.79442667315163e-05,0.0,0.0,0.0,0.0,0.0,0.0,0.0
0.0,0.0,0.0,0.0,0.0,0.0,0.0,0.0,0.0,0.0,0.0,7.79442667315163e-05
0.0,0.0,0.0,0.0,0.0,0.0,0.0,7.79442667315163e-05,0.0,0.0,0.0,0.0
0.0,0.0,0.0,0.0,0.0,0.0,0.0,0.0,0.0,0.0,0.0,7.79442667315163e-05
0.0,0.0,0.0,0.0,7.79442667315163e-05,0.0,0.0,7.79442667315163e-05,0.0,0.0,0.0,0.0
0.0,0.0,0.0,0.0,0.0,0.0,0.0,0.0,0.0,7.79442667315163e-05,0.0,0.0
0.0,0.0,7.79442667315163e-05,0.0,0.0,0.0,0.0,0.0,0.0,0.0,0.0,0.0
0.0,0.0,7.79442667315163e-05,0.0,0.0,0.0,0.0,0.0,0.0,0.0,0.0,0.0
0.0,0.0,7.79442667315163e-05,0.0,0.0,0.0,0.0,7.79442667315163e-05,0.0,0.0,0.0,0.0
0.0,0.0,7.79442667315163e-05,0.0,0.0,0.0,0.0,7.79442667315163e-05,0.0,0.0,0.0,0.0
0.0,0.0,7.79442667315163e-05,0.0,0.0,0.0,0.0,0.0,0.0,0.0,0.0,0.0
0.0,7.79442667315163e-05,0.0,0.0,0.0,0.0,0.0,0.0,0.0,0.0,0.0,7.79442667315163e-05
0.0,0.0,0.0,0.0,7.79442667315163e-05,0.0,0.0,0.0,0.0,0.0,0.0,0.0
0.0,0.0,0.0,0.0,0.0,0.0,0.0,0.0001558885334630326,0.0,0.0,0.0,0.0
0.0,0.0,0.0,0.0,7.79442667315163e-05,0.0,0.0,0.0,0.0,0.0,0.0,0.0
0.0,0.0,0.0,0.0,0.0001558885334630326,0.0,0.0,0.0,0.0,0.0,0.0,0.0
0.0,0.0,7.79442667315163e-05,0.0,0.0,0.0,0.0,7.79442667315163e-05,0.0,0.0,0.0,0.0
0.0,0.0,0.0,0.0,0.0,0.0,0.0,7.79442667315163e-05,0.0,0.0,0.0,0.0
0.0,0.0,0.0001558885334630326,0.0,0.0,0.0,0.0,0.0,0.0,0.0,0.0,0.0
0.0,0.0,0.0,0.0,0.0001558885334630326,0.0,0.0,0.0,0.0,7.79442667315163e-05,0.0,0.0
0.0,0.0,0.0,0.0,0.0,0.0,0.0,0.0,0.0,7.79442667315163e-05,0.0,0.0
0.0,0.0,0.0,0.0,0.0001558885334630326,0.0,0.0,0.0,0.0,0.0,0.0,0.0
0.0,0.0,0.0,0.0,0.0,0.0,0.0,7.79442667315163e-05,0.0,0.0,0.0,0.0
0.0,0.0,0.0,0.0,7.79442667315163e-05,0.0,0.0,0.0,0.0,0.0,0.0,0.0
0.0,0.0,7.79442667315163e-05,0.0,0.0001558885334630326,0.0,0.0,0.0,0.0,0.0,0.0,0.0
0.0,0.0,7.79442667315163e-05,0.0,0.0001558885334630326,0.0,0.0,0.0,7.79442667315163e-05,0.0,0.0,0.0
0.0,0.0,0.0,0.0,0.0,0.0,0.0,0.0001558885334630326,0.0,0.0,0.0,0.0
0.0,0.0,0.0,0.0,0.0,0.0,0.0,0.0,0.0,0.0,0.0,7.79442667315163e-05
0.0,0.0,0.0,0.0,7.79442667315163e-05,0.0,0.0,0.0,0.0,0.0,0.0,7.79442667315163e-05
0.0,0.0,0.0,0.0,7.79442667315163e-05,0.0,0.0,0.0,0.0,0.0,0.0,0.0
0.0,0.0,7.79442667315163e-05,0.0,7.79442667315163e-05,0.0,0.0,7.79442667315163e-05,0.0,0.0,0.0,0.0
0.0,0.0,7.79442667315163e-05,0.0,0.0,0.0,0.0,0.0,0.0,7.79442667315163e-05,0.0,0.0
0.0,0.0,0.0,0.0,7.79442667315163e-05,0.0,0.0,0.0,0.0,0.0,0.0,0.0
0.0,0.0,0.0,0.0,7.79442667315163e-05,0.0,0.0,0.0,0.0,0.0,0.0,7.79442667315163e-05
0.0,0.0001558885334630326,0.0,0.0,0.0,0.0,0.0,0.0,0.0,0.0,0.0,0.0001558885334630326
0.0,0.0,0.0,0.0,7.79442667315163e-05,0.0,0.0,0.0,0.0,0.0,0.0,0.0
0.0,0.0,0.0,0.0,0.0,0.0,0.0,0.0,0.0,0.0,0.0,7.79442667315163e-05
0.0,0.0,7.79442667315163e-05,0.0,0.0,0.0,0.0,0.0,0.0,0.0,0.0,0.0
7.79442667315163e-05,0.0,0.0,0.0,0.0,0.0,0.0,0.0,0.0,7.79442667315163e-05,0.0,0.0
0.0,0.0,0.0,0.0,0.0,0.0,0.0,0.0,0.0,7.79442667315163e-05,0.0,0.0
0.0,0.0,0.0,0.0,0.0,0.0,0.0,0.0,0.0,0.0,0.0,7.79442667315163e-05
0.0,0.0,7.79442667315163e-05,0.0,0.0,0.0,0.0,0.0,0.0,0.0,0.0,0.0
0.0,0.0,0.0,0.0,7.79442667315163e-05,0.0,0.0,0.0,0.0,0.0,0.0,0.0
0.0,0.0,0.0,0.0,0.0,0.0,0.0,0.0,0.0,0.0,0.0,7.79442667315163e-05
0.0,0.0,0.0,0.0,0.0,0.0,0.0,0.0,0.0,0.0,0.0,7.79442667315163e-05
0.0,7.79442667315163e-05,0.0,0.0,0.0,0.0,0.0,0.0,0.0,0.0,0.0,0.0
0.0,0.0,0.0,0.0,7.79442667315163e-05,0.0,0.0,0.0,0.0,0.0,0.0,0.0
0.0,0.0,7.79442667315163e-05,0.0,0.0,0.0,0.0,0.0,0.0,0.0,0.0,0.0
0.0,0.0,0.0,0.0,7.79442667315163e-05,0.0,0.0,0.0,0.0,7.79442667315163e-05,0.0,0.0
0.0,0.0,0.0,0.0,7.79442667315163e-05,0.0,0.0,0.0,0.0,0.0,0.0,0.0
0.0,0.0,0.0,0.0,0.0,0.0,0.0,0.0,0.0,0.0,7.79442667315163e-05,0.0
0.0,0.0,0.0,0.0,0.0,0.0,0.0,0.0,0.0,0.0,0.0,7.79442667315163e-05
0.0,0.0,7.79442667315163e-05,0.0,0.0,0.0,0.0,7.79442667315163e-05,0.0,0.0,0.0,0.0
0.0,0.0,0.0,0.0,0.0,0.0,0.0,7.79442667315163e-05,0.0,0.0,0.0,0.0
0.0,0.0,0.0,0.0,0.0,0.0,0.0,0.0,7.79442667315163e-05,0.0,0.0,0.0
0.0,0.0,7.79442667315163e-05,0.0,7.79442667315163e-05,0.0,0.0,0.0,0.0,0.0,0.0,0.0
0.0,0.0,0.0,0.0,0.0,0.0,0.0,7.79442667315163e-05,0.0,0.0,0.0,7.79442667315163e-05
0.0,0.0,0.0,0.0,0.0001558885334630326,0.0,0.0,0.0,0.0,7.79442667315163e-05,0.0,0.0
0.0,0.0,0.0,0.0,7.79442667315163e-05,0.0,0.0,7.79442667315163e-05,0.0,0.0,0.0,0.0
0.0,0.0,0.0,0.0,7.79442667315163e-05,0.0,0.0,0.0,0.0,0.0,0.0,0.0
0.0,0.0,7.79442667315163e-05,0.0,0.0,0.0,0.0,7.79442667315163e-05,0.0,0.0,0.0,0.0
0.0,0.0,7.79442667315163e-05,0.0,0.0,0.0,0.0,0.0,0.0,0.0,0.0,0.0
0.0,0.0,0.0,0.0,0.0,0.0,0.0,7.79442667315163e-05,0.0,0.0,0.0,7.79442667315163e-05
0.0,0.0,7.79442667315163e-05,0.0,7.79442667315163e-05,0.0,7.79442667315163e-05,0.0,0.0,0.0,0.0,7.79442667315163e-05
0.0,0.0,0.0,0.0,0.0,0.0,0.0,7.79442667315163e-05,0.0,0.0,0.0,0.0
0.0,0.0,7.79442667315163e-05,0.0,7.79442667315163e-05,0.0,0.0,0.0,0.0,0.0,0.0,0.0
0.0,0.0,7.79442667315163e-05,0.0,0.0,0.0,0.0,0.0,0.0,0.0,0.0,0.0
0.0,0.0,7.79442667315163e-05,0.0,0.0001558885334630326,0.0,0.0,0.0,0.0,0.0,0.0,0.0
0.0,0.0,0.0,0.0,0.0,0.0,0.0,7.79442667315163e-05,0.0,7.79442667315163e-05,0.0,0.0
7.79442667315163e-05,0.0,0.0,0.0,7.79442667315163e-05,0.0,0.0,7.79442667315163e-05,0.0,0.0,0.0,7.79442667315163e-05
0.0,0.0,0.0,0.0,7.79442667315163e-05,0.0,0.0,0.0,0.0,0.0,0.0,7.79442667315163e-05
0.0,0.0,0.0,0.0,0.0001558885334630326,0.0,0.0,7.79442667315163e-05,0.0,0.0,0.0,0.0
0.0,0.0,7.79442667315163e-05,0.0,7.79442667315163e-05,0.0,0.0,0.0,0.0,0.0,0.0,7.79442667315163e-05
0.0,0.0,0.0,0.0,0.0,0.0,0.0,0.0,0.0,0.0,0.0,7.79442667315163e-05
0.0,0.0,0.0,0.0,0.0,0.0,0.0,0.0,0.0,7.79442667315163e-05,0.0,0.0
0.0,0.0,0.0,0.0,0.0,0.0,0.0,0.0,0.0,0.0,0.0,7.79442667315163e-05
0.0,0.0,0.0,0.0,7.79442667315163e-05,0.0,0.0,0.0,0.0,0.0,0.0,0.0
0.0,0.0,0.0,0.0,0.0,0.0,0.0,0.0,0.0,0.0,0.0,7.79442667315163e-05
0.0,0.0,0.0,0.0,0.0,0.0,0.0,7.79442667315163e-05,0.0,0.0,0.0,7.79442667315163e-05
0.0,0.0,0.0,0.0,7.79442667315163e-05,0.0,0.0,7.79442667315163e-05,0.0,0.0,0.0,0.0
7.79442667315163e-05,0.0,0.0,0.0,0.0,0.0,0.0,0.0001558885334630326,0.0,0.0,0.0,7.79442667315163e-05
0.0,0.0,7.79442667315163e-05,0.0,7.79442667315163e-05,0.0,0.0,0.0,0.0,0.0,0.0,0.0
0.0,0.0,7.79442667315163e-05,0.0,0.0,0.0,0.0,7.79442667315163e-05,0.0,0.0,0.0,0.0
0.0,0.0,0.0,0.0,0.0,0.0,0.0,0.0001558885334630326,0.0,0.0,0.0,0.0
0.0,0.0,0.0,0.0,7.79442667315163e-05,0.0,0.0,0.0,0.0,0.0,0.0,0.0
0.0,0.0,7.79442667315163e-05,0.0,0.0,0.0,0.0,0.0,0.0,0.0,0.0,7.79442667315163e-05
0.0,0.0,0.0,0.0,0.0,0.0,0.0,7.79442667315163e-05,0.0,0.0,0.0,0.0
0.0,0.0,7.79442667315163e-05,0.0,7.79442667315163e-05,0.0,0.0,7.79442667315163e-05,0.0,7.79442667315163e-05,0.0,0.0
0.0,0.0,0.0,0.0,0.0,0.0,0.0,0.0,0.0,7.79442667315163e-05,0.0,0.0
0.0,0.0,7.79442667315163e-05,0.0,0.0,0.0,0.0,0.0,0.0,0.0,0.0,0.0
0.0,7.79442667315163e-05,0.0,0.0,0.0,0.0,0.0,0.0,0.0,0.0,0.0,0.0
0.0,0.0,0.0,0.0,0.0,0.0,0.0,0.0,0.0,0.0,0.0,7.79442667315163e-05
0.0,0.0,7.79442667315163e-05,0.0,0.0,0.0,0.0,0.0,0.0,0.0,0.0,0.0
0.0,0.0,0.0,0.0,0.0,0.0,0.0,0.0,0.0,7.79442667315163e-05,0.0,0.0
0.0,0.0,0.0,0.0,0.0,0.0,0.0,7.79442667315163e-05,0.0,0.0,0.0,0.0
0.0,0.0,0.0,0.0,7.79442667315163e-05,0.0,0.0,0.0,0.0,0.0,0.0,7.79442667315163e-05
0.0,0.0,0.0,0.0,0.0001558885334630326,0.0,0.0,0.0,0.0,0.0,0.0,0.0
0.0,0.0,0.0,0.0,0.0,0.0,0.0,0.0,0.0,0.0,0.0,7.79442667315163e-05
0.0,0.0,7.79442667315163e-05,0.0,0.0,0.0,0.0,0.0,0.0,7.79442667315163e-05,0.0,0.0
0.0,0.0,0.0,0.0,0.0,0.0,0.0,0.0,0.0,0.0,0.0,0.0001558885334630326
0.0,0.0,0.0,0.0,0.0,0.0,0.0,7.79442667315163e-05,0.0,0.0,0.0,7.79442667315163e-05
0.0,0.0,7.79442667315163e-05,0.0,0.0,0.0,0.0,0.0,0.0,0.0,0.0,0.0
0.0,0.0,0.0,0.0,0.0,0.0,0.0,0.0,0.0,7.79442667315163e-05,0.0,0.0
0.0,0.0,0.0,0.0,7.79442667315163e-05,0.0,0.0,0.0,0.0,0.0,0.0,0.0
0.0,0.0,0.0,0.0,0.0,0.0,0.0,0.0001558885334630326,0.0,0.0,0.0,0.0
0.0,0.0,0.0,0.0,0.0,0.0,0.0,0.0,0.0,0.0,0.0,7.79442667315163e-05
0.0,0.0,0.0,0.0,7.79442667315163e-05,0.0,0.0,0.0,0.0,0.0,0.0,0.0
0.0,0.0,7.79442667315163e-05,0.0,7.79442667315163e-05,0.0,0.0,0.0,0.0,0.0,0.0,0.0
0.0,0.0,0.0,0.0,0.0,0.0,0.0,0.0,7.79442667315163e-05,0.0,0.0,0.0
0.0,0.0,7.79442667315163e-05,0.0,0.0,0.0,0.0,0.0,0.0,0.0,0.0,0.0
0.0,0.0,0.0,0.0,0.0,0.0,0.0,7.79442667315163e-05,0.0,0.0,0.0,0.0
0.0,0.0,0.0,0.0,7.79442667315163e-05,0.0,0.0,0.0,0.0,0.0,0.0,0.0
0.0,0.0,0.0,0.0,0.0,0.0,0.0,0.0,0.0,0.0,0.0,7.79442667315163e-05
0.0,0.0,7.79442667315163e-05,0.0,0.0,0.0,0.0,0.0,0.0,0.0,0.0,0.0
0.0,0.0,0.0,0.0,7.79442667315163e-05,0.0,0.0,0.0,0.0,0.0,0.0,0.0
0.0,0.0,0.0,7.79442667315163e-05,0.0,0.0,0.0,7.79442667315163e-05,0.0,0.0,0.0,0.0
0.0,0.0,0.0,0.0,0.0,0.0,0.0,7.79442667315163e-05,0.0,0.0,0.0,0.0
0.0,0.0,7.79442667315163e-05,0.0,7.79442667315163e-05,0.0,0.0,0.0,0.0,0.0,0.0,0.0
0.0,0.0001558885334630326,0.0,0.0,0.0,0.0,0.0,7.79442667315163e-05,0.0,0.0,0.0,7.79442667315163e-05
0.0,0.0,7.79442667315163e-05,0.0,0.0,0.0,0.0,0.0,0.0,0.0,0.0,0.0
0.0,0.0,0.0,0.0,7.79442667315163e-05,0.0,0.0,0.0,0.0,0.0,0.0,0.0
0.0,0.0,0.0,0.0,0.0,0.0,0.0,0.0,0.0,7.79442667315163e-05,0.0,0.0
0.0,0.0,0.0,0.0,7.79442667315163e-05,0.0,0.0,7.79442667315163e-05,0.0,0.0,0.0,0.0
0.0,0.0,0.0,0.0,7.79442667315163e-05,0.0,0.0,0.0,0.0,0.0,0.0,0.0
0.0,0.0,0.0,0.0,0.0,0.0,0.0,7.79442667315163e-05,0.0,0.0,0.0,0.0
0.0,0.0,7.79442667315163e-05,7.79442667315163e-05,0.0,0.0,0.0,0.0,0.0,0.0,0.0,0.0
0.0,0.0,0.0,0.0,0.0,0.0,0.0,7.79442667315163e-05,0.0,0.0,0.0,7.79442667315163e-05
0.0,0.0,0.0,0.0,0.0,0.0,0.0,0.0,0.0,0.0,0.0,7.79442667315163e-05
0.0,0.0,0.0,0.0,0.0,0.0,0.0,7.79442667315163e-05,0.0,0.0,0.0,0.0
0.0,0.0,0.0,0.0,7.79442667315163e-05,0.0,0.0,0.0,0.0,0.0,0.0,7.79442667315163e-05
0.0,0.0,7.79442667315163e-05,0.0,0.0,0.0,0.0,0.0,0.0,0.0,0.0,0.0
0.0,0.0,0.0,0.0,7.79442667315163e-05,0.0,0.0,7.79442667315163e-05,0.0,0.0,0.0,0.0
0.0,0.0,0.0,0.0,0.0,0.0,0.0,7.79442667315163e-05,0.0,0.0,0.0,0.0
0.0,0.0,0.0,0.0,7.79442667315163e-05,0.0,0.0,0.0,0.0,0.0,0.0,7.79442667315163e-05
0.0,0.0,0.0,0.0,0.0,0.0,0.0,7.79442667315163e-05,0.0,0.0,0.0,0.0
0.0,0.0,0.0,0.0,0.0,0.0,0.0,0.0,0.0,0.0,0.0,7.79442667315163e-05
0.0,0.0,7.79442667315163e-05,0.0,7.79442667315163e-05,0.0,0.0,0.0,0.0,0.0,0.0,0.0
0.0,0.0,0.0,0.0,0.0001558885334630326,0.0,0.0,0.0,0.0,0.0,0.0,0.0
0.0,0.0,7.79442667315163e-05,0.0,0.0,0.0,0.0,0.0,0.0,0.0,0.0,0.0
0.0,0.0,0.0,0.0,0.0,0.0,0.0,0.0,0.0,7.79442667315163e-05,0.0,0.0
0.0,0.0,0.0,0.0,0.0,0.0,0.0,0.0,0.0,7.79442667315163e-05,0.0,0.0
0.0,0.0,7.79442667315163e-05,0.0,0.0,0.0,0.0,0.0,0.0,0.0,0.0,0.0
0.0,0.0,0.0,0.0,0.0,0.0,0.0,0.0,0.0,7.79442667315163e-05,0.0,0.0
0.0,0.0,0.0,0.0,0.0,0.0,0.0,7.79442667315163e-05,0.0,0.0,0.0,7.79442667315163e-05
0.0,0.0,7.79442667315163e-05,0.0,0.0,0.0,0.0,0.0,0.0,0.0,0.0,7.79442667315163e-05
0.0,0.0,0.0,0.0,7.79442667315163e-05,0.0,0.0,0.0,0.0,0.0,0.0,0.0
0.0,0.0,0.0,0.0,0.0,0.0,7.79442667315163e-05,0.0,0.0,0.0,0.0,0.0
0.0,0.0,0.0,0.0,0.0,0.0,0.0,7.79442667315163e-05,0.0,7.79442667315163e-05,0.0,0.0
0.0,0.0,0.0,0.0,7.79442667315163e-05,0.0,0.0,7.79442667315163e-05,0.0,0.0,0.0,0.0
0.0,0.0,0.0,0.0,7.79442667315163e-05,0.0,0.0,0.0,0.0,0.0,0.0,0.0
0.0,0.0,7.79442667315163e-05,0.0,0.0,0.0,0.0,7.79442667315163e-05,0.0,0.0,0.0,0.0
0.0,0.0,7.79442667315163e-05,0.0,0.0001558885334630326,0.0,0.0,0.0,0.0,0.0,0.0,0.0
0.0,0.0,7.79442667315163e-05,0.0,0.0,0.0,0.0,0.0,0.0,0.0,0.0,0.0
0.0,0.0,0.0,0.0,7.79442667315163e-05,0.0,0.0,0.0,0.0,0.0,0.0,7.79442667315163e-05
0.0,0.0,7.79442667315163e-05,0.0,0.0,0.0,0.0,0.0,0.0,0.0,0.0,0.0
0.0,0.0,7.79442667315163e-05,0.0,7.79442667315163e-05,0.0,0.0,0.0,0.0,0.0,0.0,0.0
0.0,0.0,7.79442667315163e-05,0.0,0.0,0.0,0.0,0.0,0.0,0.0,0.0,0.0
0.0,0.0,0.0,0.0,0.0,0.0,0.0,0.0,0.0,7.79442667315163e-05,0.0,0.0
0.0,0.0,0.0,0.0,7.79442667315163e-05,0.0,0.0,0.0,0.0,0.0,0.0,0.0
0.0,0.0,7.79442667315163e-05,0.0,0.0001558885334630326,0.0,0.0,0.0,0.0,0.0,0.0,7.79442667315163e-05
0.0,0.0,7.79442667315163e-05,0.0,0.0,0.0,0.0,0.0,0.0,0.0,0.0,0.0
0.0,0.0,7.79442667315163e-05,0.0,0.0,0.0,0.0,0.0,0.0,0.0,0.0,0.0
0.0,0.0,7.79442667315163e-05,0.0,0.0,0.0,7.79442667315163e-05,0.0,0.0,0.0,0.0,7.79442667315163e-05
0.0,0.0,7.79442667315163e-05,0.0,0.0,0.0,0.0,0.0,0.0,0.0,0.0,0.0
0.0,0.0,0.0,0.0,7.79442667315163e-05,0.0,0.0,0.0,0.0,0.0,0.0,0.0
0.0,0.0,7.79442667315163e-05,0.0,0.0,0.0,0.0,0.0,0.0,0.0,0.0,0.0
0.0,0.0,0.0,0.0,0.0,0.0,0.0,0.0,0.0,7.79442667315163e-05,0.0,0.0
0.0,0.0,7.79442667315163e-05,0.0,0.0,0.0,0.0,0.0,0.0,0.0,0.0,7.79442667315163e-05
0.0,0.0,0.0,0.0,0.0,0.0,0.0,0.0,0.0,0.0,0.0,7.79442667315163e-05
0.0,0.0,0.0,0.0,0.0,0.0,0.0,7.79442667315163e-05,0.0,0.0,0.0,0.0
0.0,0.0,7.79442667315163e-05,0.0,0.0,0.0,0.0,0.0,0.0,0.0,0.0,0.0
0.0,0.0,0.0,0.0,7.79442667315163e-05,0.0,0.0,0.0,0.0,0.0,0.0,7.79442667315163e-05
0.0,0.0,0.0,0.0,7.79442667315163e-05,0.0,0.0,0.0,0.0,0.0,0.0,0.0
0.0,0.0,0.0,0.0,7.79442667315163e-05,0.0,0.0,0.0,0.0,0.0,0.0,0.0
0.0,0.0,0.0,0.0,0.0,0.0,0.0,0.0,0.0,7.79442667315163e-05,0.0,0.0
0.0,0.0,0.0,0.0,0.0,0.0,7.79442667315163e-05,0.0,0.0,0.0,0.0,0.0
0.0,0.0,0.0001558885334630326,0.0,7.79442667315163e-05,0.0,0.0,0.0,0.0,0.0,0.0,0.0
0.0,0.0,7.79442667315163e-05,0.0,0.0001558885334630326,0.0,0.0,7.79442667315163e-05,0.0,0.0,0.0,0.0
0.0,0.0,0.0,0.0,7.79442667315163e-05,0.0,0.0,0.0,0.0,0.0,0.0,7.79442667315163e-05
0.0,0.0,0.0,0.0,0.0,0.0,0.0,7.79442667315163e-05,0.0,0.0,7.79442667315163e-05,0.0
0.0,0.0,0.0,0.0,0.0,0.0,0.0,0.0,0.0,7.79442667315163e-05,0.0,0.0
0.0,7.79442667315163e-05,0.0,0.0,0.0,0.0,0.0,7.79442667315163e-05,0.0,0.0,0.0,0.0
0.0,0.0,0.0,0.0,7.79442667315163e-05,0.0,0.0,0.0,0.0,0.0,0.0,7.79442667315163e-05
0.0,0.0,7.79442667315163e-05,0.0,0.0,0.0,0.0,0.0,0.0,0.0,0.0,0.0
0.0,0.0,0.0,0.0,7.79442667315163e-05,0.0,0.0,0.0,0.0,0.0,0.0,0.0
0.0,0.0,0.0,0.0,7.79442667315163e-05,0.0,0.0,0.0,0.0,0.0,0.0,0.0
0.0,0.0,0.0,0.0,7.79442667315163e-05,0.0,0.0,0.0,0.0,0.0,0.0,0.0
0.0,0.0,0.0,0.0,0.0,0.0,0.0,0.0,0.0,7.79442667315163e-05,0.0,0.0
0.0,0.0,0.0,0.0,7.79442667315163e-05,0.0,0.0,0.0,0.0,0.0,0.0,0.0
0.0,0.0,0.0,0.0,7.79442667315163e-05,0.0,0.0,0.0,0.0,0.0,0.0,0.0
0.0,0.0,7.79442667315163e-05,0.0,0.0001558885334630326,0.0,0.0,0.0,0.0,0.0,0.0,0.0
0.0,0.0,0.0,0.0,0.0,0.0,0.0,0.0,7.79442667315163e-05,0.0,0.0,0.0
0.0,0.0,7.79442667315163e-05,0.0,0.0,0.0,0.0,7.79442667315163e-05,0.0,0.0,0.0,0.0
0.0,0.0,0.0,0.0,0.0,0.0,0.0,0.0,0.0,7.79442667315163e-05,0.0,7.79442667315163e-05
0.0,0.0,7.79442667315163e-05,0.0,7.79442667315163e-05,0.0,0.0,0.0,0.0,0.0,0.0,0.0
0.0,0.0,7.79442667315163e-05,0.0,0.0,0.0,0.0,7.79442667315163e-05,0.0,0.0,0.0,0.0
0.0,0.0,7.79442667315163e-05,0.0,0.0001558885334630326,0.0,0.0,0.0,0.0,0.0,0.0,7.79442667315163e-05
0.0,0.0,0.0,0.0,0.0002338328001945489,0.0,0.0,0.0,0.0,0.0,0.0,0.0
0.0,0.0,0.0,0.0,0.0,0.0,0.0,0.0,0.0,0.0,0.0,7.79442667315163e-05
0.0,0.0,0.0,0.0,7.79442667315163e-05,0.0,0.0,0.0,0.0,0.0,0.0,0.0
0.0,0.0,0.0,0.0,0.0,0.0,0.0,7.79442667315163e-05,0.0,0.0,0.0,0.0
0.0,0.0,7.79442667315163e-05,0.0,7.79442667315163e-05,0.0,0.0,0.0,0.0,0.0,0.0,0.0
0.0,0.0,0.0001558885334630326,0.0,0.0,0.0,0.0,0.0,0.0,0.0,0.0,0.0
0.0,0.0,7.79442667315163e-05,0.0,0.0,0.0,0.0,0.0,0.0,0.0,0.0,0.0
7.79442667315163e-05,0.0,7.79442667315163e-05,0.0,0.0,0.0,0.0,0.0,0.0,0.0,0.0,0.0
0.0,0.0,7.79442667315163e-05,0.0,0.0,0.0,0.0,0.0,0.0,0.0,0.0,0.0
0.0,0.0,0.0,0.0,0.0,0.0,0.0,0.0,0.0,7.79442667315163e-05,0.0,0.0
0.0,0.0,0.0,0.0,0.0,0.0,0.0,7.79442667315163e-05,0.0,0.0,0.0,0.0
0.0,0.0,0.0,0.0,0.0001558885334630326,0.0,0.0,0.0,0.0,0.0,0.0,0.0
0.0,0.0,0.0,0.0,7.79442667315163e-05,0.0,0.0,0.0,0.0,0.0,0.0,0.0
0.0,0.0001558885334630326,0.0,0.0,0.0,0.0,0.0,0.0,0.0,7.79442667315163e-05,0.0,0.0
0.0,0.0,0.0,0.0,0.0,0.0,0.0,7.79442667315163e-05,0.0,0.0,0.0,7.79442667315163e-05
0.0,0.0,0.0,0.0,0.0,0.0,0.0,7.79442667315163e-05,0.0,0.0,0.0,0.0
0.0,0.0,7.79442667315163e-05,0.0,0.0,0.0,0.0,7.79442667315163e-05,0.0,0.0,0.0,0.0
0.0,0.0,7.79442667315163e-05,0.0,0.0,0.0,0.0,0.0,0.0,0.0,0.0,7.79442667315163e-05
0.0,0.0,7.79442667315163e-05,0.0,0.0,0.0,0.0,0.0,0.0,7.79442667315163e-05,0.0,0.0
0.0,0.0,0.0,0.0,0.0,0.0,0.0,0.0,0.0,0.0,0.0,7.79442667315163e-05
7.79442667315163e-05,0.0,0.0,0.0,0.0,0.0,0.0,0.0,0.0,0.0,0.0,0.0
0.0,0.0,0.0,7.79442667315163e-05,0.0,0.0,0.0,0.0,0.0,0.0,0.0,7.79442667315163e-05
0.0,0.0,0.0,0.0,0.0,0.0,0.0,7.79442667315163e-05,0.0,0.0,0.0,0.0
0.0,0.0,7.79442667315163e-05,0.0,0.0,0.0,0.0,0.0,0.0,0.0,0.0,0.0
0.0,0.0,0.0,0.0,0.0,0.0,7.79442667315163e-05,0.0,0.0,0.0,0.0,0.0
0.0,0.0,0.0,0.0,0.0,0.0,0.0,7.79442667315163e-05,0.0,0.0,0.0,0.0
0.0,0.0,0.0,0.0,0.0,0.0,0.0,0.0,0.0,0.0,0.0,7.79442667315163e-05
0.0,0.0,0.0,0.0,0.0,0.0,0.0,7.79442667315163e-05,0.0,7.79442667315163e-05,0.0,0.0
0.0,0.0,0.0,0.0,7.79442667315163e-05,0.0,0.0,0.0,0.0,0.0,0.0,0.0
0.0,0.0,0.0,0.0,7.79442667315163e-05,0.0,0.0,0.0,0.0,0.0,0.0,0.0
0.0,0.0,0.0,0.0,0.0,0.0,0.0,0.0,0.0,7.79442667315163e-05,0.0,0.0
0.0,0.0,0.0,0.0,7.79442667315163e-05,0.0,0.0,0.0,0.0,0.0,0.0,7.79442667315163e-05
0.0,0.0,0.0,0.0,7.79442667315163e-05,0.0,0.0,0.0,0.0,0.0,0.0,0.0
0.0,0.0,0.0001558885334630326,0.0,7.79442667315163e-05,0.0,0.0,0.0,0.0,0.0,0.0,0.0
0.0,0.0,0.0001558885334630326,0.0,0.0,0.0,0.0,0.0,0.0,0.0,0.0,0.0
0.0,0.0,0.0,0.0,0.0,0.0,0.0,7.79442667315163e-05,0.0,0.0,0.0,0.0
0.0,0.0,0.0,0.0,0.0,0.0,0.0,0.0,0.0,7.79442667315163e-05,0.0,0.0
0.0,0.0,7.79442667315163e-05,0.0,0.0001558885334630326,0.0,0.0,0.0,0.0,0.0,0.0,0.0
0.0,0.0,0.0,0.0,7.79442667315163e-05,0.0,0.0,0.0,0.0,0.0,0.0,7.79442667315163e-05
0.0,0.0,0.0,0.0,0.0,0.0,0.0,0.0,0.0,7.79442667315163e-05,0.0,0.0
0.0,0.0,0.0,0.0,0.0,0.0,0.0,0.0,0.0,0.0,0.0,7.79442667315163e-05
0.0,0.0,0.0,0.0,0.0,0.0,0.0,7.79442667315163e-05,7.79442667315163e-05,0.0,0.0,0.0
0.0,0.0,7.79442667315163e-05,0.0,7.79442667315163e-05,0.0,0.0,0.0,0.0,0.0,0.0,0.0
0.0,0.0,7.79442667315163e-05,0.0,0.0,0.0,0.0,0.0,0.0,0.0,0.0,7.79442667315163e-05
0.0,0.0,0.0,0.0,7.79442667315163e-05,0.0,0.0,7.79442667315163e-05,0.0,0.0,0.0,0.0
0.0,0.0,0.0,0.0,0.0,0.0,7.79442667315163e-05,7.79442667315163e-05,0.0,0.0,0.0,0.0
0.0,0.0,0.0,0.0,7.79442667315163e-05,0.0,0.0,0.0,0.0,7.79442667315163e-05,0.0,0.0
0.0,7.79442667315163e-05,0.0,0.0,7.79442667315163e-05,0.0,0.0,7.79442667315163e-05,0.0,0.0,0.0,0.0
0.0,0.0,0.0,0.0,7.79442667315163e-05,0.0,0.0,0.0,0.0,0.0,0.0,0.0
0.0,0.0,7.79442667315163e-05,0.0,0.0,0.0,0.0,0.0,0.0,0.0,0.0,0.0
0.0,0.0,0.0,0.0,0.0,0.0,0.0,0.0,0.0,7.79442667315163e-05,0.0,7.79442667315163e-05
0.0,0.0,7.79442667315163e-05,0.0,0.0001558885334630326,0.0,0.0,0.0,0.0,0.0,0.0,0.0
0.0,0.0,0.0,0.0,7.79442667315163e-05,0.0,0.0,7.79442667315163e-05,0.0,0.0,0.0,0.0
0.0,0.0,0.0,0.0,7.79442667315163e-05,0.0,0.0,7.79442667315163e-05,0.0,0.0,0.0,0.0
0.0,0.0,0.0,0.0,0.0,0.0,0.0,0.0,0.0,7.79442667315163e-05,0.0,0.0
0.0,0.0,0.0,0.0,7.79442667315163e-05,0.0,0.0,0.0,0.0,0.0,0.0,0.0
0.0,0.0,7.79442667315163e-05,0.0,7.79442667315163e-05,0.0,0.0,0.0,0.0,0.0,0.0,0.0
0.0,0.0,0.0,0.0,7.79442667315163e-05,0.0,0.0,7.79442667315163e-05,0.0,0.0,0.0,0.0
0.0,0.0,0.0,0.0,0.0,0.0,0.0,0.0,0.0,7.79442667315163e-05,0.0,0.0
0.0,0.0,0.0,0.0,0.0,0.0,0.0,7.79442667315163e-05,0.0,7.79442667315163e-05,0.0,0.0
0.0,0.0,0.0,0.0,0.0,0.0,0.0,0.0,0.0,0.0,0.0,7.79442667315163e-05
0.0,0.0,7.79442667315163e-05,0.0,0.0001558885334630326,0.0,0.0,0.0,0.0,0.0,0.0,0.0
0.0,0.0,7.79442667315163e-05,0.0,7.79442667315163e-05,0.0,0.0,0.0,0.0,0.0,0.0,7.79442667315163e-05
0.0,0.0,0.0,0.0,0.0,0.0,0.0,7.79442667315163e-05,0.0,0.0,0.0,0.0
0.0,0.0,0.0,0.0,0.0,0.0,0.0,7.79442667315163e-05,0.0,0.0,0.0,7.79442667315163e-05
0.0,0.0,0.0,0.0,0.0,0.0,0.0,0.0,0.0,7.79442667315163e-05,0.0,0.0
0.0,0.0,0.0,0.0,0.0,0.0,0.0,7.79442667315163e-05,0.0,0.0,0.0,0.0
0.0,0.0,7.79442667315163e-05,0.0,0.0001558885334630326,0.0,0.0,0.0,0.0,0.0,0.0,0.0
0.0,0.0,0.0001558885334630326,0.0,0.0,0.0,0.0,0.0,0.0,0.0,0.0,0.0
0.0,0.0,0.0001558885334630326,0.0,7.79442667315163e-05,0.0,0.0,0.0,0.0,0.0,0.0,0.0
0.0,0.0,0.0,0.0,0.0001558885334630326,0.0,0.0,0.0,0.0,0.0,0.0,0.0
0.0,0.0,0.0001558885334630326,0.0,7.79442667315163e-05,0.0,0.0,0.0,0.0,0.0,0.0,0.0
7.79442667315163e-05,0.0,0.0,0.0,0.0,0.0,0.0,7.79442667315163e-05,0.0,0.0,0.0,0.0
0.0,0.0,0.0,0.0,0.0,0.0,0.0,7.79442667315163e-05,0.0,0.0,0.0,7.79442667315163e-05
0.0,0.0,0.0001558885334630326,0.0,7.79442667315163e-05,0.0,0.0,0.0,0.0,0.0,0.0,0.0
0.0,0.0,7.79442667315163e-05,0.0,7.79442667315163e-05,0.0,0.0,0.0,0.0,7.79442667315163e-05,0.0,0.0
0.0,0.0,7.79442667315163e-05,0.0,7.79442667315163e-05,0.0,0.0,0.0,0.0,0.0,0.0,7.79442667315163e-05
0.0,0.0,0.0,0.0,7.79442667315163e-05,0.0,0.0,0.0,0.0,0.0,0.0,0.0
0.0,0.0,0.0,0.0,0.0,0.0,0.0,7.79442667315163e-05,0.0,0.0,0.0,0.0
0.0,0.0,0.0,0.0,7.79442667315163e-05,0.0,0.0,0.0,0.0,0.0,0.0,0.0
0.0,0.0,0.0001558885334630326,0.0,0.0,0.0,0.0,0.0,0.0,0.0,0.0,0.0
0.0,0.0,0.0,0.0,0.0,0.0,0.0,0.0,0.0,7.79442667315163e-05,0.0,0.0
0.0,0.0,0.0,0.0,7.79442667315163e-05,0.0,0.0,7.79442667315163e-05,0.0,0.0,0.0,0.0
0.0,0.0,0.0,0.0,0.0,0.0,0.0,7.79442667315163e-05,0.0,0.0,0.0,7.79442667315163e-05
0.0,0.0,0.0001558885334630326,0.0,0.0,0.0,0.0,0.0,0.0,0.0,0.0,0.0
0.0,0.0,0.0,0.0,0.0001558885334630326,0.0,0.0,0.0,0.0,0.0,0.0,0.0
0.0,0.0,0.0,0.0,0.0,0.0,0.0,7.79442667315163e-05,0.0,0.0,0.0,0.0
0.0,0.0,0.0,0.0,7.79442667315163e-05,0.0,0.0,0.0,0.0,0.0,0.0,0.0
0.0,0.0,0.0,0.0,0.0,0.0,0.0,0.0001558885334630326,0.0,0.0,0.0,0.0
0.0,0.0,0.0,0.0,0.0001558885334630326,0.0,0.0,0.0,0.0,0.0,0.0,0.0
0.0,0.0,0.0,0.0,0.0,0.0,0.0,0.0001558885334630326,0.0,7.79442667315163e-05,0.0,0.0
0.0,0.0,7.79442667315163e-05,0.0,0.0,0.0,0.0,0.0,0.0,0.0,0.0,0.0
0.0,0.0,0.0,0.0,0.0,0.0,0.0,0.0,0.0,7.79442667315163e-05,0.0,0.0
0.0,0.0,0.0,0.0,0.0,0.0,0.0,0.0,0.0,0.0,0.0,7.79442667315163e-05
0.0,0.0,0.0,0.0,0.0,0.0,0.0,7.79442667315163e-05,0.0,0.0,0.0,0.0
0.0,0.0,7.79442667315163e-05,0.0,0.0,0.0,0.0,0.0,0.0,0.0,0.0,0.0
0.0,0.0,0.0,0.0,0.0,0.0,0.0,7.79442667315163e-05,0.0,0.0,0.0,7.79442667315163e-05
0.0,0.0,7.79442667315163e-05,0.0,7.79442667315163e-05,0.0,0.0,0.0,0.0,0.0,0.0,7.79442667315163e-05
0.0,0.0,7.79442667315163e-05,0.0,0.0,0.0,0.0,0.0,0.0,0.0,0.0,7.79442667315163e-05
0.0,0.0,0.0,0.0,7.79442667315163e-05,0.0,0.0,7.79442667315163e-05,0.0,0.0,0.0,0.0
0.0,0.0,0.0,0.0,0.0,0.0,0.0,7.79442667315163e-05,0.0,0.0,0.0,0.0
0.0,0.0,0.0,0.0,7.79442667315163e-05,0.0,0.0,7.79442667315163e-05,0.0,0.0,0.0,7.79442667315163e-05
0.0,0.0,0.0,0.0,7.79442667315163e-05,0.0,0.0,0.0,0.0,0.0,0.0,7.79442667315163e-05
0.0,0.0,7.79442667315163e-05,0.0,7.79442667315163e-05,0.0,0.0,0.0,0.0,0.0,0.0,7.79442667315163e-05
0.0,0.0,7.79442667315163e-05,0.0,0.0001558885334630326,0.0,0.0,0.0,0.0,0.0,0.0,0.0
0.0,0.0,0.0,0.0,7.79442667315163e-05,0.0,0.0,0.0,0.0,7.79442667315163e-05,0.0,0.0
0.0,0.0,0.0001558885334630326,0.0,0.0,0.0,0.0,0.0,0.0,0.0,0.0,0.0
0.0,0.0,7.79442667315163e-05,0.0,0.0,0.0,0.0,0.0,0.0,0.0,0.0,0.0
7.79442667315163e-05,0.0,0.0,0.0,7.79442667315163e-05,0.0,0.0,0.0,0.0,0.0,0.0,0.0
0.0,0.0,0.0,0.0,0.0,0.0,0.0,0.0,0.0,7.79442667315163e-05,0.0,0.0
0.0,0.0,0.0,0.0,0.0,0.0,0.0,7.79442667315163e-05,0.0,0.0,0.0,0.0
0.0,7.79442667315163e-05,0.0,0.0,0.0,0.0,0.0,0.0,0.0,0.0,0.0,0.0
0.0,0.0,7.79442667315163e-05,0.0,7.79442667315163e-05,0.0,0.0,0.0,0.0,0.0,0.0,0.0
0.0,0.0,7.79442667315163e-05,0.0,7.79442667315163e-05,0.0,0.0,0.0,0.0,7.79442667315163e-05,0.0,0.0
7.79442667315163e-05,0.0,7.79442667315163e-05,0.0,7.79442667315163e-05,0.0,0.0,7.79442667315163e-05,0.0,7.79442667315163e-05,0.0,0.0
0.0,0.0,7.79442667315163e-05,0.0,0.0,0.0,0.0,0.0,0.0,0.0,0.0,7.79442667315163e-05
0.0,0.0,0.0,7.79442667315163e-05,0.0,0.0,0.0,7.79442667315163e-05,0.0,0.0,0.0,0.0
7.79442667315163e-05,0.0,0.0,0.0,0.0,0.0,0.0,0.0,0.0,0.0,0.0,0.0
0.0,0.0,0.0,0.0,0.0,0.0,0.0,0.0,0.0,7.79442667315163e-05,0.0,0.0
0.0,0.0,0.0,7.79442667315163e-05,0.0,0.0,0.0,0.0,0.0,0.0,0.0,0.0
0.0,0.0,0.0,0.0,0.0001558885334630326,0.0,0.0,0.0,0.0,0.0,0.0,0.0
0.0,0.0,0.0,0.0,0.0,0.0,0.0,0.0,0.0,0.0,0.0,7.79442667315163e-05
0.0,0.0,0.0,0.0,0.0001558885334630326,0.0,0.0,0.0,0.0,0.0,0.0,0.0
0.0,0.0,7.79442667315163e-05,0.0,0.0,0.0,0.0,0.0,0.0,0.0,0.0,0.0
7.79442667315163e-05,0.0,0.0,0.0,0.0,0.0,0.0,0.0,0.0,0.0,0.0,0.0
0.0,0.0,0.0,0.0,0.0,0.0,0.0,0.0,0.0,7.79442667315163e-05,0.0,0.0
0.0,0.0,0.0,0.0,0.0,0.0,0.0,0.0,0.0,7.79442667315163e-05,0.0,0.0
0.0,0.0,7.79442667315163e-05,0.0,0.0,0.0,0.0,0.0,0.0,0.0,0.0,0.0
0.0,0.0,0.0,0.0,0.0,0.0,0.0,0.0,0.0,0.0,7.79442667315163e-05,0.0
0.0,0.0,0.0,0.0,7.79442667315163e-05,0.0,0.0,7.79442667315163e-05,0.0,0.0,0.0,0.0
0.0,0.0,7.79442667315163e-05,0.0,0.0,0.0,0.0,0.0,0.0,0.0,0.0,0.0
0.0,0.0,0.0,0.0,0.0,0.0,0.0,7.79442667315163e-05,0.0,0.0,0.0,0.0
0.0,0.0,0.0,0.0,7.79442667315163e-05,0.0,0.0,0.0001558885334630326,0.0,0.0,0.0,0.0
7.79442667315163e-05,0.0,0.0,0.0,0.0,0.0,0.0,0.0,0.0,0.0,0.0,0.0
0.0,0.0,7.79442667315163e-05,0.0,0.0001558885334630326,0.0,0.0,0.0,0.0,0.0,0.0,0.0
0.0,0.0,0.0001558885334630326,0.0,0.0,0.0,0.0,0.0,0.0,0.0,0.0,0.0
0.0,0.0,7.79442667315163e-05,0.0,0.0,0.0,0.0,0.0,0.0,0.0,0.0,0.0
0.0,0.0,7.79442667315163e-05,0.0,0.0,0.0,0.0,0.0,0.0,0.0,0.0,0.0
7.79442667315163e-05,0.0,0.0,0.0,0.0,0.0,0.0,0.0,0.0,0.0,0.0,0.0
0.0,0.0,0.0,0.0,0.0,0.0,0.0,7.79442667315163e-05,0.0,0.0,0.0,7.79442667315163e-05
0.0,0.0,0.0,0.0,0.0,0.0,0.0,7.79442667315163e-05,0.0,0.0,0.0,0.0
0.0,7.79442667315163e-05,0.0,0.0,0.0,0.0,0.0,0.0,0.0,0.0,0.0,0.0
0.0,0.0,0.0,0.0,0.0,0.0,0.0,0.0001558885334630326,0.0,0.0,0.0,0.0
0.0,0.0,0.0,0.0,7.79442667315163e-05,0.0,0.0,0.0,0.0,0.0,0.0,0.0
0.0,0.0,0.0,0.0,7.79442667315163e-05,0.0,0.0,0.0,0.0,0.0,0.0,0.0
0.0,0.0,7.79442667315163e-05,0.0,0.0,0.0,0.0,7.79442667315163e-05,0.0,0.0,0.0,0.0
0.0,0.0,0.0,0.0,7.79442667315163e-05,0.0,0.0,0.0,0.0,7.79442667315163e-05,0.0,0.0
0.0,0.0,7.79442667315163e-05,0.0,0.0001558885334630326,0.0,0.0,0.0,0.0,0.0,0.0,0.0
0.0,0.0,7.79442667315163e-05,0.0,0.0,0.0,0.0,0.0,0.0,0.0,0.0,0.0
0.0,0.0,0.0,0.0,0.0,0.0,0.0,7.79442667315163e-05,0.0,0.0,0.0,0.0
0.0,0.0,0.0,0.0,0.0,0.0,0.0,7.79442667315163e-05,0.0,0.0,0.0,0.0
0.0,0.0,0.0,0.0,0.0,0.0,0.0,0.0,0.0,7.79442667315163e-05,0.0,0.0
0.0,0.0,0.0,0.0,7.79442667315163e-05,0.0,0.0,7.79442667315163e-05,0.0,0.0,0.0,0.0
0.0,0.0,0.0,0.0,0.0,0.0,0.0,0.0,0.0,7.79442667315163e-05,0.0,0.0
0.0,0.0,0.0,0.0,0.0,0.0,0.0,0.0,0.0,7.79442667315163e-05,0.0,7.79442667315163e-05
0.0,0.0,0.0,0.0,0.0,0.0,0.0,7.79442667315163e-05,0.0,0.0,0.0,0.0
0.0,0.0,7.79442667315163e-05,7.79442667315163e-05,0.0,0.0,0.0,0.0,0.0,0.0,0.0,0.0
0.0,0.0,0.0,7.79442667315163e-05,7.79442667315163e-05,0.0,0.0,0.0,0.0,0.0,0.0,0.0
0.0,0.0,0.0,7.79442667315163e-05,0.0,0.0,0.0,0.0,0.0,0.0,0.0,0.0
0.0,0.0,0.0,0.0,0.0,0.0,0.0,7.79442667315163e-05,0.0,0.0,0.0,0.0
0.0,0.0,0.0,0.0,0.0001558885334630326,0.0,0.0,7.79442667315163e-05,0.0,0.0,0.0,0.0
0.0,0.0,7.79442667315163e-05,0.0,0.0,0.0,0.0,0.0,0.0,0.0,0.0,0.0
0.0,0.0,0.0,0.0,0.0,0.0,0.0,0.0,0.0,7.79442667315163e-05,0.0,0.0
0.0,0.0,7.79442667315163e-05,0.0,0.0,0.0,0.0,0.0,0.0,0.0,0.0,0.0
0.0,0.0,0.0,0.0,0.0,0.0,0.0,0.0,0.0,7.79442667315163e-05,0.0,0.0
0.0,0.0,0.0,0.0,0.0,0.0,0.0,7.79442667315163e-05,0.0,0.0,0.0,7.79442667315163e-05
0.0,0.0,0.0,0.0,7.79442667315163e-05,0.0,0.0,0.0,0.0,0.0,0.0,0.0
0.0,0.0,0.0,0.0,7.79442667315163e-05,0.0,0.0,0.0,0.0,0.0,0.0,7.79442667315163e-05
0.0,7.79442667315163e-05,0.0,0.0,0.0,0.0,0.0,0.0,0.0,0.0,0.0,0.0
0.0,0.0,0.0,0.0,0.0,0.0,0.0,7.79442667315163e-05,0.0,0.0,0.0,0.0
0.0,0.0,0.0,0.0,0.0,0.0,0.0,0.0,0.0,7.79442667315163e-05,0.0,0.0
0.0,0.0,0.0,0.0,7.79442667315163e-05,0.0,0.0,0.0,0.0,0.0,0.0,7.79442667315163e-05
0.0,0.0,0.0,0.0,0.0,0.0,0.0,0.0,0.0,0.0,0.0,7.79442667315163e-05
0.0,0.0,0.0,0.0,0.0,0.0,0.0,0.0,0.0,0.0,0.0,7.79442667315163e-05
0.0,0.0,0.0,0.0,0.0,0.0,0.0,0.0,0.0,7.79442667315163e-05,0.0,0.0
0.0,0.0,0.0,7.79442667315163e-05,0.0,0.0,0.0,0.0,0.0,0.0,0.0,0.0
0.0,0.0,0.0,0.0,0.0,0.0,0.0,7.79442667315163e-05,0.0,0.0,0.0,0.0
0.0,0.0,7.79442667315163e-05,0.0,7.79442667315163e-05,0.0,0.0,0.0,0.0,0.0,0.0,7.79442667315163e-05
0.0,0.0,7.79442667315163e-05,0.0,0.0001558885334630326,0.0,0.0,0.0,0.0,0.0,0.0,0.0
0.0,7.79442667315163e-05,0.0,0.0,7.79442667315163e-05,0.0,0.0,7.79442667315163e-05,0.0,0.0,0.0,0.0
0.0,0.0,0.0,0.0,0.0,0.0,0.0,0.0,0.0,0.0,0.0,7.79442667315163e-05
0.0,0.0,7.79442667315163e-05,0.0,7.79442667315163e-05,0.0,0.0,0.0,0.0,0.0,0.0,0.0
0.0,0.0,0.0,0.0,0.0001558885334630326,0.0,0.0,0.0,0.0,0.0,0.0,0.0
0.0,0.0,0.0,0.0,7.79442667315163e-05,0.0,0.0,0.0,0.0,0.0,0.0,0.0
0.0,0.0,0.0,0.0,0.0,0.0,0.0,0.0,0.0,0.0,0.0,7.79442667315163e-05
0.0,0.0,0.0,0.0,0.0,0.0,0.0,0.0,0.0,7.79442667315163e-05,0.0,0.0
0.0,0.0,0.0,0.0,0.0,0.0,0.0,0.0,7.79442667315163e-05,0.0,0.0,0.0
0.0,0.0,0.0,0.0,0.0,0.0,0.0,0.0,7.79442667315163e-05,0.0,0.0,0.0
0.0,0.0,7.79442667315163e-05,0.0,7.79442667315163e-05,0.0,0.0,0.0,0.0,0.0,0.0,0.0
0.0,0.0,7.79442667315163e-05,0.0,7.79442667315163e-05,0.0,0.0,0.0,0.0,0.0,0.0,0.0
0.0,0.0,0.0,0.0,0.0,0.0,0.0,7.79442667315163e-05,0.0,0.0,0.0,0.0
0.0,0.0,0.0,0.0,0.0,0.0,0.0,7.79442667315163e-05,0.0,0.0,0.0,0.0
0.0,0.0,7.79442667315163e-05,0.0,0.0,0.0,0.0,0.0,0.0,7.79442667315163e-05,0.0,7.79442667315163e-05
0.0,0.0,7.79442667315163e-05,0.0,0.0,0.0,0.0,0.0,0.0,0.0,0.0,0.0
0.0,0.0,0.0,0.0,7.79442667315163e-05,0.0,0.0,0.0,0.0,0.0,0.0,7.79442667315163e-05
0.0,0.0,0.0,0.0,0.0001558885334630326,0.0,0.0,0.0,0.0,0.0,0.0,0.0
0.0,0.0,7.79442667315163e-05,0.0,0.0,0.0,0.0,0.0,0.0,0.0,0.0,0.0
0.0,0.0,0.0001558885334630326,0.0,0.0,0.0,0.0,0.0,0.0,0.0,0.0,0.0
0.0,0.0,0.0,0.0,0.0,0.0,0.0,0.0,0.0,0.0,0.0,7.79442667315163e-05
0.0,0.0,0.0,0.0,0.0,0.0,0.0,0.0,0.0,7.79442667315163e-05,0.0,0.0
0.0,0.0,0.0,7.79442667315163e-05,7.79442667315163e-05,0.0,0.0,0.0,0.0,0.0,0.0,0.0
0.0,0.0,7.79442667315163e-05,0.0,0.0,0.0,0.0,7.79442667315163e-05,0.0,0.0,0.0,0.0
0.0,0.0,0.0,0.0,0.0,0.0,7.79442667315163e-05,0.0001558885334630326,0.0,0.0,0.0,0.0
0.0,0.0,0.0,0.0,0.0,0.0,0.0,0.0001558885334630326,0.0,0.0,0.0,0.0
0.0,0.0,0.0,0.0,0.0001558885334630326,0.0,0.0,0.0,0.0,0.0,0.0,0.0
0.0,0.0,0.0,0.0,7.79442667315163e-05,0.0,0.0,0.0,7.79442667315163e-05,0.0,0.0,0.0
0.0,0.0,0.0001558885334630326,0.0,7.79442667315163e-05,0.0,0.0,0.0,0.0,0.0,0.0,0.0
0.0,0.0,7.79442667315163e-05,0.0,0.0,0.0,0.0,0.0,0.0,0.0,0.0,0.0
0.0,0.0,0.0,0.0,0.0,0.0,0.0,0.0,0.0,0.0,0.0,7.79442667315163e-05
0.0,0.0,0.0,0.0,0.0,0.0,0.0,0.0,0.0,0.0,0.0,7.79442667315163e-05
0.0,0.0,0.0,0.0,0.0,0.0,0.0,7.79442667315163e-05,0.0,0.0,0.0,0.0
0.0,0.0,0.0001558885334630326,0.0,0.0,0.0,0.0,0.0,0.0,0.0,0.0,7.79442667315163e-05
0.0,0.0,0.0,0.0,7.79442667315163e-05,0.0,0.0,7.79442667315163e-05,0.0,0.0,0.0,0.0
0.0,0.0,0.0,0.0,0.0,0.0,7.79442667315163e-05,0.0,0.0,0.0,0.0,0.0
0.0,0.0,7.79442667315163e-05,0.0,0.0,0.0,0.0,7.79442667315163e-05,0.0,0.0,0.0,0.0
0.0,0.0,7.79442667315163e-05,0.0,0.0,0.0,0.0,0.0,0.0,0.0,0.0,7.79442667315163e-05
0.0,0.0,0.0001558885334630326,0.0,0.0,0.0,0.0,0.0,0.0,0.0,0.0,0.0
7.79442667315163e-05,0.0,0.0,0.0,7.79442667315163e-05,0.0,0.0,0.0,0.0,0.0,0.0,7.79442667315163e-05
0.0,0.0,7.79442667315163e-05,0.0,7.79442667315163e-05,0.0,0.0,0.0,0.0,0.0,0.0,0.0
0.0,0.0,7.79442667315163e-05,0.0,0.0,0.0,0.0,0.0,0.0,0.0,0.0,7.79442667315163e-05
0.0,0.0,0.0,0.0,0.0,0.0,0.0,0.0,7.79442667315163e-05,0.0,0.0,0.0
0.0,0.0,0.0,0.0,0.0,0.0,0.0,0.0,0.0,7.79442667315163e-05,0.0,7.79442667315163e-05
0.0,0.0,0.0,0.0,0.0003117770669260652,0.0,0.0,0.0,0.0,0.0,0.0,0.0
0.0,0.0,0.0,0.0,0.0,0.0,0.0,0.0,0.0,0.0,0.0,7.79442667315163e-05
0.0,0.0,0.0,0.0,7.79442667315163e-05,0.0,0.0,0.0,0.0,0.0,0.0,7.79442667315163e-05
0.0,0.0,0.0,7.79442667315163e-05,0.0,0.0,0.0,0.0,0.0,0.0,0.0,0.0
0.0,0.0,0.0,0.0,0.0,0.0,0.0,7.79442667315163e-05,0.0,0.0,0.0,0.0
0.0,0.0,0.0,0.0,0.0,0.0,0.0,0.0,0.0,0.0,0.0,7.79442667315163e-05
0.0,0.0,0.0,7.79442667315163e-05,0.0,0.0,0.0,0.0,0.0,0.0,0.0,0.0001558885334630326
0.0,0.0,7.79442667315163e-05,0.0,0.0,0.0,0.0,0.0,0.0,0.0,0.0,0.0
0.0,0.0,0.0,0.0,0.0,0.0,0.0,0.0,0.0,0.0,0.0,7.79442667315163e-05
0.0,0.0,0.0001558885334630326,0.0,0.0,0.0,0.0,0.0,0.0,0.0,0.0,0.0
7.79442667315163e-05,0.0,0.0,0.0,0.0,0.0,0.0,0.0,0.0,0.0,0.0,0.0
0.0,0.0,0.0,0.0,0.0,0.0,0.0,7.79442667315163e-05,0.0,0.0,0.0,0.0
0.0,0.0,0.0,0.0,0.0,0.0,0.0,7.79442667315163e-05,7.79442667315163e-05,0.0,0.0,0.0
0.0,0.0,0.0,0.0,0.0,0.0,0.0,0.0,0.0,7.79442667315163e-05,0.0,0.0
0.0,0.0,0.0,0.0,0.0,0.0,0.0,0.0,0.0,7.79442667315163e-05,0.0,0.0
0.0,0.0,7.79442667315163e-05,0.0,0.0,0.0,0.0,7.79442667315163e-05,0.0,0.0,0.0,0.0
0.0,0.0,0.0,0.0,0.0,0.0,0.0,0.0,0.0,7.79442667315163e-05,0.0,0.0
0.0,7.79442667315163e-05,0.0,0.0,0.0,0.0,0.0,0.0,0.0,0.0,0.0,0.0
0.0,0.0,0.0,0.0,0.0001558885334630326,0.0,0.0,0.0,0.0,0.0,0.0,0.0
0.0,0.0,0.0,0.0,7.79442667315163e-05,0.0,0.0,0.0,0.0,0.0,0.0,0.0
0.0,0.0,7.79442667315163e-05,0.0,0.0,0.0,0.0,0.0,0.0,0.0,0.0,0.0
0.0,0.0,0.0,0.0,0.0,0.0,0.0,7.79442667315163e-05,0.0,0.0,0.0,0.0
0.0,0.0,7.79442667315163e-05,0.0,7.79442667315163e-05,0.0,0.0,0.0,0.0,0.0,0.0,0.0
7.79442667315163e-05,0.0,0.0,0.0,0.0,0.0,0.0,0.0,0.0,0.0,0.0,7.79442667315163e-05
0.0,0.0,7.79442667315163e-05,0.0,7.79442667315163e-05,0.0,0.0,0.0,0.0,0.0,0.0,0.0
0.0,0.0,0.0,0.0,0.0,0.0,0.0,7.79442667315163e-05,0.0,0.0,0.0,0.0
0.0,0.0,0.0,0.0,7.79442667315163e-05,0.0,0.0,7.79442667315163e-05,0.0,0.0,0.0,0.0
0.0,0.0,0.0,0.0,0.0,0.0,0.0,7.79442667315163e-05,0.0,0.0,0.0,0.0
0.0,0.0,0.0,0.0,0.0,0.0,7.79442667315163e-05,0.0,0.0,0.0,0.0,0.0
0.0,0.0,0.0,0.0,0.0,0.0,7.79442667315163e-05,0.0,0.0,0.0,0.0,0.0
0.0,7.79442667315163e-05,7.79442667315163e-05,0.0,0.0,0.0,0.0,0.0,0.0,0.0,0.0,0.0
0.0,0.0,0.0,0.0,7.79442667315163e-05,0.0,0.0,7.79442667315163e-05,0.0,0.0,0.0,0.0
0.0,0.0,0.0,0.0,7.79442667315163e-05,0.0,0.0,7.79442667315163e-05,0.0,0.0,0.0,0.0
0.0,0.0,0.0,0.0,0.0,0.0,0.0,7.79442667315163e-05,0.0,0.0,0.0,0.0
0.0,0.0,0.0,0.0,7.79442667315163e-05,0.0,0.0,7.79442667315163e-05,0.0,0.0,0.0,0.0
0.0,0.0,0.0001558885334630326,0.0,0.0,0.0,0.0,0.0,0.0,0.0,0.0,0.0
0.0,7.79442667315163e-05,0.0,0.0,7.79442667315163e-05,0.0,0.0,0.0,0.0,0.0,0.0,0.0
0.0,0.0,0.0,0.0,7.79442667315163e-05,0.0,0.0,0.0,0.0,0.0,0.0,0.0
0.0,0.0,0.0,0.0,0.0,0.0,0.0,7.79442667315163e-05,0.0,0.0,0.0,0.0
0.0,0.0,0.0,0.0,0.0,0.0,0.0,0.0,0.0,0.0,0.0,7.79442667315163e-05
0.0,0.0,7.79442667315163e-05,0.0,0.0,0.0,0.0,0.0,0.0,0.0,0.0,0.0
0.0,0.0,7.79442667315163e-05,0.0,7.79442667315163e-05,0.0,0.0,0.0,0.0,0.0,0.0,0.0
0.0,0.0,7.79442667315163e-05,0.0,7.79442667315163e-05,0.0,0.0,7.79442667315163e-05,0.0,0.0,0.0,0.0
0.0,0.0,0.0,0.0,0.0002338328001945489,0.0,0.0,0.0,0.0,0.0,0.0,0.0
0.0,0.0,0.0,0.0,0.0,0.0,0.0,0.0,7.79442667315163e-05,0.0,0.0,0.0
0.0,0.0,7.79442667315163e-05,0.0,0.0,0.0,0.0,0.0,0.0,0.0,0.0,0.0
0.0,0.0,0.0,0.0,7.79442667315163e-05,0.0,0.0,7.79442667315163e-05,0.0,0.0,0.0,0.0
0.0,0.0,0.0,0.0,7.79442667315163e-05,0.0,0.0,0.0,0.0,0.0,0.0,7.79442667315163e-05
0.0,0.0,0.0,0.0,0.0,0.0,7.79442667315163e-05,7.79442667315163e-05,0.0,0.0,0.0,0.0
0.0,0.0,0.0,0.0,0.0,0.0,0.0,0.0,0.0,7.79442667315163e-05,0.0,0.0
0.0,0.0,0.0,0.0,0.0,0.0,7.79442667315163e-05,0.0,0.0,0.0,0.0,0.0
0.0,0.0,7.79442667315163e-05,0.0,7.79442667315163e-05,0.0,0.0,0.0,0.0,7.79442667315163e-05,0.0,0.0
0.0,0.0,0.0,0.0,0.0,0.0,0.0,7.79442667315163e-05,0.0,0.0,0.0,0.0
0.0,0.0,0.0,0.0,0.0,0.0,0.0,7.79442667315163e-05,0.0,0.0,0.0,0.0
0.0,0.0,0.0,0.0,7.79442667315163e-05,0.0,0.0,7.79442667315163e-05,0.0,0.0,0.0,0.0
0.0,0.0,0.0,0.0,0.0,0.0,0.0,0.0,0.0,7.79442667315163e-05,0.0,0.0
0.0,0.0,0.0,0.0,7.79442667315163e-05,0.0,0.0,7.79442667315163e-05,0.0,0.0,0.0,0.0
0.0,0.0,0.0,0.0,0.0,0.0,0.0,7.79442667315163e-05,0.0,0.0,0.0,0.0
0.0,0.0,0.0,0.0,0.0,0.0,0.0,7.79442667315163e-05,0.0,0.0,0.0,0.0
7.79442667315163e-05,0.0,0.0,0.0,0.0,0.0,0.0,0.0,0.0,0.0,0.0,0.0
0.0,0.0,0.0,0.0,0.0001558885334630326,0.0,0.0,0.0,0.0,0.0,0.0,0.0
0.0,0.0,7.79442667315163e-05,0.0,0.0,0.0,0.0,0.0,0.0,7.79442667315163e-05,0.0,0.0
0.0,0.0,0.0,0.0,7.79442667315163e-05,0.0,0.0,0.0,0.0,0.0,0.0,7.79442667315163e-05
0.0,0.0,0.0,0.0,0.0,0.0,0.0,7.79442667315163e-05,0.0,0.0,0.0,0.0
0.0,0.0,7.79442667315163e-05,0.0,0.0,0.0,0.0,0.0,0.0,0.0,0.0,0.0
0.0,0.0,0.0,0.0,0.0,0.0,0.0,7.79442667315163e-05,0.0,0.0,0.0,0.0
0.0,0.0,7.79442667315163e-05,0.0,0.0,0.0,0.0,0.0,0.0,0.0,0.0,0.0
0.0,0.0,7.79442667315163e-05,0.0,0.0,0.0,0.0,0.0,0.0,0.0,0.0,7.79442667315163e-05
0.0,0.0,0.0,0.0,0.0,0.0,0.0,7.79442667315163e-05,0.0,0.0,0.0,0.0
0.0,0.0,7.79442667315163e-05,0.0,0.0,0.0,0.0,0.0,0.0,0.0,0.0,0.0
0.0,0.0,7.79442667315163e-05,0.0,0.0,0.0,0.0,0.0,0.0,0.0,0.0,0.0
0.0,0.0,0.0,0.0,0.0,0.0,0.0,0.0,0.0,7.79442667315163e-05,0.0,0.0
0.0,0.0,0.0,0.0,0.0,0.0,0.0,7.79442667315163e-05,0.0,0.0,0.0,0.0
7.79442667315163e-05,0.0,0.0,0.0,0.0,0.0,0.0,0.0,0.0,0.0,0.0,0.0
0.0,0.0,7.79442667315163e-05,0.0,7.79442667315163e-05,0.0,0.0,7.79442667315163e-05,0.0,0.0,0.0,0.0
0.0,0.0,7.79442667315163e-05,0.0,0.0001558885334630326,0.0,0.0,0.0,0.0,0.0,0.0,0.0
0.0,0.0,7.79442667315163e-05,0.0,0.0,0.0,0.0,0.0,0.0,0.0,0.0,7.79442667315163e-05
0.0,0.0,0.0,0.0,0.0,0.0,0.0,0.0,0.0,7.79442667315163e-05,0.0,0.0
0.0,0.0,7.79442667315163e-05,0.0,7.79442667315163e-05,0.0,0.0,0.0,0.0,0.0,0.0,0.0
0.0,0.0,0.0,0.0,0.0,0.0,0.0,0.0001558885334630326,0.0,0.0,0.0,0.0
0.0,0.0,0.0001558885334630326,0.0,0.0,0.0,0.0,0.0,0.0,0.0,0.0,0.0
0.0,0.0,7.79442667315163e-05,0.0,0.0001558885334630326,0.0,0.0,0.0,0.0,0.0,0.0,7.79442667315163e-05
7.79442667315163e-05,0.0,0.0,0.0,0.0,0.0,0.0,0.0,0.0,0.0,0.0,0.0
0.0,0.0,7.79442667315163e-05,0.0,7.79442667315163e-05,0.0,0.0,0.0,0.0,0.0,0.0,7.79442667315163e-05
0.0,0.0,0.0,0.0,0.0,0.0,0.0,7.79442667315163e-05,0.0,0.0,0.0,0.0
7.79442667315163e-05,0.0,0.0,0.0,0.0,0.0,0.0,0.0,0.0,0.0,0.0,0.0
0.0,0.0,7.79442667315163e-05,0.0,0.0,0.0,0.0,0.0,0.0,0.0,0.0,0.0
0.0,0.0,7.79442667315163e-05,0.0,7.79442667315163e-05,0.0,0.0,0.0,0.0,0.0,0.0,0.0
0.0,0.0,7.79442667315163e-05,0.0,7.79442667315163e-05,0.0,0.0,0.0,0.0,0.0,0.0,0.0
0.0,0.0,0.0,0.0,7.79442667315163e-05,0.0,0.0,0.0,0.0,0.0,0.0,0.0
0.0,0.0,0.0,0.0,0.0,0.0,0.0,0.0,0.0,7.79442667315163e-05,0.0,0.0
0.0,0.0,0.0,0.0,0.0,0.0,0.0,7.79442667315163e-05,0.0,0.0,0.0,0.0
0.0,0.0,0.0,0.0,0.0,0.0,0.0,0.0,0.0,7.79442667315163e-05,0.0,0.0
0.0,0.0,0.0,0.0,0.0,0.0,7.79442667315163e-05,7.79442667315163e-05,0.0,0.0,0.0,0.0
0.0,0.0,0.0,0.0,7.79442667315163e-05,0.0,0.0,0.0,0.0,0.0,0.0,7.79442667315163e-05
0.0,0.0,7.79442667315163e-05,0.0,7.79442667315163e-05,0.0,0.0,0.0,0.0,0.0,0.0,7.79442667315163e-05
0.0,0.0,0.0,0.0,0.0,0.0,7.79442667315163e-05,0.0,0.0,0.0,0.0,0.0
7.79442667315163e-05,0.0,0.0,0.0,0.0,0.0,0.0,0.0,0.0,0.0,0.0,0.0
0.0,0.0,0.0,0.0,7.79442667315163e-05,0.0,0.0,0.0,0.0,0.0,0.0,0.0
0.0,0.0,7.79442667315163e-05,0.0,7.79442667315163e-05,0.0,0.0,0.0,0.0,0.0,0.0,7.79442667315163e-05
0.0,0.0,0.0,0.0,0.0,0.0,0.0,7.79442667315163e-05,0.0,0.0,0.0,0.0
0.0,0.0,0.0,0.0,0.0,0.0,0.0,7.79442667315163e-05,0.0,0.0,0.0,0.0
0.0,0.0,7.79442667315163e-05,0.0,0.0,0.0,0.0,7.79442667315163e-05,0.0,0.0,0.0,0.0
0.0,0.0,0.0,0.0,0.0,0.0,0.0,7.79442667315163e-05,0.0,0.0,0.0,0.0
0.0,0.0,7.79442667315163e-05,0.0,0.0,0.0,0.0,7.79442667315163e-05,0.0,0.0,0.0,0.0
0.0,0.0,7.79442667315163e-05,0.0,7.79442667315163e-05,0.0,0.0,7.79442667315163e-05,0.0,0.0,0.0,0.0
0.0,0.0,0.0,0.0,0.0,0.0,0.0,0.0,0.0,7.79442667315163e-05,0.0,0.0
0.0,0.0,7.79442667315163e-05,0.0,7.79442667315163e-05,0.0,0.0,0.0,0.0,0.0,0.0,0.0
0.0,0.0,0.0,0.0,0.0,0.0,0.0,7.79442667315163e-05,7.79442667315163e-05,0.0,0.0,0.0
0.0,0.0,0.0,0.0,0.0,0.0,0.0,7.79442667315163e-05,0.0,0.0,0.0,0.0
0.0,0.0,0.0,7.79442667315163e-05,0.0,0.0,0.0,0.0,0.0,0.0,0.0,0.0
0.0,0.0,0.0,0.0,0.0,0.0,0.0,7.79442667315163e-05,0.0,0.0,0.0,0.0
0.0,0.0,0.0,0.0,7.79442667315163e-05,0.0,0.0,0.0,0.0,0.0,0.0,0.0
0.0,0.0,7.79442667315163e-05,0.0,0.0,0.0,0.0,0.0,0.0,0.0,0.0,7.79442667315163e-05
0.0,0.0,0.0,7.79442667315163e-05,0.0,0.0,0.0,0.0,0.0,0.0,0.0,0.0
0.0,0.0,7.79442667315163e-05,0.0,0.0,0.0,0.0,7.79442667315163e-05,0.0,0.0,0.0,0.0
0.0,0.0,7.79442667315163e-05,0.0,7.79442667315163e-05,0.0,0.0,7.79442667315163e-05,0.0,0.0,0.0,0.0
0.0,0.0,0.0,0.0,7.79442667315163e-05,0.0,0.0,0.0,0.0,0.0,0.0,7.79442667315163e-05
0.0,0.0,0.0,0.0,0.0,0.0,0.0,0.0,0.0,0.0,0.0,7.79442667315163e-05
0.0,0.0,0.0,0.0,0.0001558885334630326,0.0,0.0,7.79442667315163e-05,0.0,0.0,0.0,0.0
0.0,0.0,0.0,0.0,0.0,0.0,0.0,7.79442667315163e-05,0.0,0.0,0.0,0.0
0.0,0.0,7.79442667315163e-05,0.0,0.0,0.0,0.0,0.0,0.0,0.0,0.0,0.0
0.0,0.0,0.0,0.0,0.0001558885334630326,0.0,0.0,0.0,0.0,0.0,0.0,0.0
0.0,0.0,0.0,0.0,0.0,0.0,0.0,0.0,0.0,7.79442667315163e-05,0.0,0.0
0.0,0.0,0.0,0.0,0.0,0.0,0.0,0.0,0.0,0.0,0.0,7.79442667315163e-05
0.0,0.0,7.79442667315163e-05,0.0,0.0001558885334630326,0.0,0.0,0.0,0.0,0.0,0.0,0.0
0.0,0.0,0.0,0.0,0.0,0.0,0.0,0.0,0.0,7.79442667315163e-05,0.0,0.0
0.0,0.0,0.0,7.79442667315163e-05,0.0,0.0,0.0,0.0,0.0,0.0,0.0,0.0
0.0,0.0,0.0,0.0,0.0,0.0,0.0,0.0,0.0,0.0,0.0,7.79442667315163e-05
7.79442667315163e-05,0.0,0.0,0.0,0.0,0.0,0.0,0.0,0.0,0.0,0.0,0.0
0.0,0.0,0.0,0.0,0.0,0.0,0.0,0.0,0.0,7.79442667315163e-05,0.0,0.0
0.0,0.0,7.79442667315163e-05,0.0,0.0,0.0,0.0,0.0,7.79442667315163e-05,0.0,0.0,0.0
0.0,0.0,7.79442667315163e-05,0.0,0.0,0.0,0.0,0.0,0.0,0.0,0.0,0.0
0.0,0.0,0.0,0.0,0.0,0.0,0.0,0.0,0.0,0.0,0.0,7.79442667315163e-05
0.0,0.0,7.79442667315163e-05,0.0,0.0,0.0,0.0,0.0,0.0,0.0,0.0,7.79442667315163e-05
0.0,0.0,0.0,0.0,0.0,0.0,0.0,0.0,7.79442667315163e-05,0.0,0.0,0.0
0.0,0.0,0.0,0.0,0.0,0.0,0.0,7.79442667315163e-05,0.0,0.0,0.0,0.0
0.0,0.0,7.79442667315163e-05,0.0,0.0,0.0,0.0,0.0,0.0,0.0,0.0,0.0
0.0,0.0,7.79442667315163e-05,0.0,0.0,0.0,0.0,0.0,0.0,0.0,0.0,7.79442667315163e-05
0.0,0.0,0.0,0.0,7.79442667315163e-05,0.0,0.0,0.0,0.0,0.0,0.0,7.79442667315163e-05
0.0,0.0,0.0,0.0,7.79442667315163e-05,0.0,0.0,7.79442667315163e-05,0.0,0.0,0.0,0.0
0.0,0.0,0.0,0.0,0.0,0.0,0.0,0.0,0.0,0.0,0.0,7.79442667315163e-05
0.0,0.0,0.0,0.0,7.79442667315163e-05,0.0,0.0,0.0,0.0,0.0,0.0,0.0
0.0,0.0,7.79442667315163e-05,0.0,7.79442667315163e-05,0.0,0.0,0.0,0.0,0.0,0.0,0.0
0.0,0.0,7.79442667315163e-05,0.0,0.0,0.0,0.0,0.0,0.0,0.0,0.0,0.0
0.0,0.0,0.0,0.0,0.0,0.0,0.0,7.79442667315163e-05,0.0,0.0,0.0,0.0
0.0,0.0,7.79442667315163e-05,0.0,0.0,0.0,0.0,0.0,0.0,0.0,0.0,0.0
0.0,0.0,7.79442667315163e-05,0.0,0.0,0.0,0.0,0.0,0.0,0.0,0.0,0.0
0.0,0.0,7.79442667315163e-05,0.0,0.0,0.0,0.0,0.0,0.0,0.0,0.0,0.0
0.0,0.0,7.79442667315163e-05,0.0,0.0,0.0,0.0,0.0,0.0,0.0,0.0,0.0
0.0,0.0,0.0001558885334630326,0.0,7.79442667315163e-05,0.0,0.0,0.0,0.0,0.0,0.0,7.79442667315163e-05
0.0,0.0,0.0,0.0,0.0001558885334630326,0.0,0.0,0.0,0.0,0.0,0.0,0.0
0.0,0.0,7.79442667315163e-05,0.0,0.0,0.0,0.0,0.0,0.0,0.0,0.0,0.0
0.0,0.0,7.79442667315163e-05,0.0,0.0,0.0,0.0,0.0,0.0,0.0,0.0,0.0
0.0,0.0,0.0,0.0,0.0,0.0,0.0,7.79442667315163e-05,0.0,0.0,0.0,0.0
0.0,0.0,0.0,0.0,0.0,0.0,0.0,0.0,0.0,0.0,0.0,7.79442667315163e-05
0.0,0.0,0.0,0.0,0.0,0.0,0.0,7.79442667315163e-05,0.0,0.0,0.0,7.79442667315163e-05
0.0,0.0,0.0,0.0,0.0,0.0,0.0,7.79442667315163e-05,0.0,0.0,0.0,0.0
0.0,0.0,7.79442667315163e-05,0.0,7.79442667315163e-05,0.0,0.0,0.0,0.0,7.79442667315163e-05,0.0,0.0
0.0,0.0,0.0,0.0,0.0,0.0,0.0,7.79442667315163e-05,0.0,0.0,0.0,0.0
0.0,0.0,0.0,0.0,0.0,0.0,0.0,0.0,0.0,0.0,0.0,7.79442667315163e-05
0.0,0.0,0.0,0.0,0.0,0.0,0.0,7.79442667315163e-05,0.0,0.0,0.0,0.0
0.0,0.0,0.0,7.79442667315163e-05,0.0,0.0,0.0,0.0,0.0,0.0,0.0,0.0
0.0,0.0,7.79442667315163e-05,0.0,0.0,0.0,0.0,0.0,0.0,0.0,0.0,0.0
0.0,0.0,0.0,0.0,0.0001558885334630326,0.0,0.0,0.0,0.0,0.0,0.0,0.0
0.0,0.0,7.79442667315163e-05,0.0,0.0,0.0,0.0,0.0,0.0,0.0,0.0,0.0
0.0,0.0,0.0,0.0,7.79442667315163e-05,0.0,0.0,0.0,0.0,0.0,0.0,0.0
0.0,0.0,7.79442667315163e-05,0.0,0.0,0.0,0.0,7.79442667315163e-05,0.0,0.0,0.0,0.0
0.0,0.0,0.0,0.0,0.0,0.0,0.0,7.79442667315163e-05,0.0,0.0,0.0,0.0
0.0,0.0,0.0,0.0,0.0,0.0,0.0,7.79442667315163e-05,0.0,0.0,0.0,0.0
7.79442667315163e-05,0.0,7.79442667315163e-05,0.0,7.79442667315163e-05,0.0,0.0,0.0,0.0,0.0,0.0,0.0
0.0,0.0,0.0,0.0,0.0,0.0,0.0,0.0001558885334630326,0.0,0.0,0.0,0.0
0.0,0.0,7.79442667315163e-05,0.0,0.0,0.0,0.0,0.0,0.0,7.79442667315163e-05,0.0,0.0
0.0,0.0,0.0,0.0,0.0,0.0,0.0,7.79442667315163e-05,0.0,0.0,0.0,7.79442667315163e-05
0.0,0.0,7.79442667315163e-05,0.0,0.0,0.0,0.0,0.0,0.0,0.0,0.0,0.0
0.0,0.0,0.0,0.0,0.0,0.0,0.0,0.0,0.0,0.0,0.0,7.79442667315163e-05
0.0,0.0,0.0,0.0,0.0,0.0,0.0,7.79442667315163e-05,0.0,0.0,0.0,0.0
0.0,0.0,7.79442667315163e-05,0.0,0.0001558885334630326,0.0,0.0,0.0,0.0,0.0,0.0,0.0
0.0,0.0,0.0,0.0,0.0,0.0,0.0,7.79442667315163e-05,0.0,7.79442667315163e-05,0.0,0.0
7.79442667315163e-05,0.0,0.0,0.0,0.0,0.0,0.0,0.0,0.0,0.0,0.0,0.0
0.0,0.0,0.0,0.0,7.79442667315163e-05,0.0,0.0,0.0,0.0,0.0,0.0,0.0
0.0,0.0,0.0,0.0,0.0,0.0,0.0,7.79442667315163e-05,0.0,0.0,0.0,0.0
0.0,0.0,0.0,0.0,0.0,0.0,0.0,0.0,0.0,0.0,0.0,0.0001558885334630326
0.0,0.0,7.79442667315163e-05,0.0,0.0,0.0,0.0,0.0,0.0,0.0,0.0,0.0
0.0,0.0,0.0,0.0,0.0,0.0,0.0,7.79442667315163e-05,0.0,0.0,0.0,0.0
0.0,0.0,0.0,0.0,7.79442667315163e-05,0.0,0.0,0.0,0.0,0.0,0.0,0.0
0.0,0.0,0.0,0.0,0.0,0.0,0.0,0.0,0.0,0.0,0.0,7.79442667315163e-05
0.0,0.0,0.0,0.0,0.0,0.0,0.0,7.79442667315163e-05,0.0,0.0,0.0,0.0
0.0,0.0,0.0,0.0,7.79442667315163e-05,0.0,0.0,0.0,0.0,0.0,0.0,0.0
0.0,0.0,7.79442667315163e-05,0.0,0.0,0.0,0.0,0.0,0.0,0.0,0.0,0.0
0.0,0.0,7.79442667315163e-05,0.0,0.0,0.0,0.0,0.0,0.0,0.0,0.0,0.0
0.0,0.0,7.79442667315163e-05,0.0,0.0,0.0,0.0,0.0,0.0,0.0,0.0,0.0
0.0,0.0,7.79442667315163e-05,0.0,7.79442667315163e-05,0.0,0.0,0.0,0.0,0.0,0.0,0.0
0.0,0.0,7.79442667315163e-05,0.0,7.79442667315163e-05,0.0,0.0,0.0,0.0,0.0,0.0,0.0
0.0,7.79442667315163e-05,0.0,0.0,0.0,0.0,0.0,0.0,0.0,0.0,0.0,0.0
0.0,0.0,0.0,0.0,0.0001558885334630326,0.0,0.0,0.0,0.0,0.0,0.0,0.0
0.0,0.0,0.0,0.0,0.0,0.0,0.0,0.0,0.0,7.79442667315163e-05,0.0,0.0
0.0,0.0,0.0,0.0,0.0001558885334630326,0.0,0.0,0.0,0.0,0.0,0.0,0.0
0.0,0.0,0.0,0.0,0.0,0.0,0.0,0.0,0.0,7.79442667315163e-05,0.0,0.0
0.0,0.0,0.0,0.0,0.0,0.0,0.0,0.0,0.0,0.0,0.0,7.79442667315163e-05
0.0,0.0,7.79442667315163e-05,0.0,0.0,0.0,0.0,7.79442667315163e-05,0.0,0.0,0.0,0.0
0.0,0.0,7.79442667315163e-05,0.0,0.0,0.0,7.79442667315163e-05,0.0,0.0,0.0,0.0,0.0
0.0,0.0,7.79442667315163e-05,0.0,7.79442667315163e-05,0.0,0.0,0.0,0.0,0.0,0.0,0.0
0.0,0.0,7.79442667315163e-05,0.0,7.79442667315163e-05,0.0,0.0,0.0,0.0,0.0,0.0,0.0
0.0,0.0,0.0,0.0,0.0,0.0,7.79442667315163e-05,0.0,0.0,0.0,0.0,7.79442667315163e-05
0.0,0.0,0.0,0.0,0.0,0.0,7.79442667315163e-05,0.0,0.0,0.0,0.0,0.0
0.0,0.0,0.0,0.0,7.79442667315163e-05,0.0,0.0,0.0,0.0,0.0,0.0,7.79442667315163e-05
0.0,0.0,0.0,0.0,0.0001558885334630326,0.0,0.0,0.0,0.0,0.0,0.0,0.0
0.0,0.0,7.79442667315163e-05,0.0,0.0,0.0,0.0,0.0,7.79442667315163e-05,0.0,0.0,0.0
7.79442667315163e-05,0.0,0.0,0.0,0.0,0.0,0.0,0.0,0.0,0.0,0.0,0.0
0.0,0.0,0.0,0.0,0.0,0.0,0.0,7.79442667315163e-05,0.0,0.0,0.0,0.0
0.0,0.0,7.79442667315163e-05,0.0,0.0,0.0,0.0,0.0,0.0,0.0,0.0,0.0
0.0,0.0,0.0,0.0,0.0,0.0,0.0,7.79442667315163e-05,0.0,0.0,0.0,0.0
0.0,0.0,7.79442667315163e-05,0.0,0.0,0.0,0.0,0.0,0.0,0.0,0.0,7.79442667315163e-05
0.0,0.0,0.0,0.0,7.79442667315163e-05,0.0,0.0,0.0,0.0,7.79442667315163e-05,0.0,0.0
0.0,0.0,0.0,0.0,0.0002338328001945489,0.0,0.0,0.0,0.0,0.0,0.0,0.0
0.0,0.0,7.79442667315163e-05,0.0,0.0,0.0,0.0,0.0,0.0,0.0,0.0,0.0
0.0,0.0,0.0,0.0,7.79442667315163e-05,0.0,0.0,0.0,0.0,0.0,0.0,0.0
0.0,0.0,0.0,0.0,0.0,0.0,7.79442667315163e-05,0.0,0.0,0.0,0.0,0.0
0.0,0.0,0.0,0.0,0.0,0.0,0.0,0.0,0.0,7.79442667315163e-05,0.0,0.0
0.0,0.0,0.0,0.0,7.79442667315163e-05,0.0,0.0,0.0,0.0,7.79442667315163e-05,0.0,0.0
0.0,0.0,0.0,0.0,0.0,0.0,0.0,7.79442667315163e-05,0.0,0.0,0.0,0.0
0.0,0.0,0.0,0.0,0.0,0.0,0.0,0.0,0.0,7.79442667315163e-05,0.0,0.0
7.79442667315163e-05,0.0,0.0,0.0,0.0001558885334630326,0.0,0.0,0.0,0.0,0.0,0.0,0.0
0.0,0.0,0.0,0.0,0.0,0.0,0.0,0.0,0.0,0.0,0.0,7.79442667315163e-05
0.0,0.0,0.0,0.0,0.0,0.0,0.0,0.0,7.79442667315163e-05,0.0,0.0,0.0
0.0,0.0,0.0,0.0,0.0,0.0,0.0,7.79442667315163e-05,0.0,0.0,0.0,0.0
0.0,0.0,0.0,0.0,0.0001558885334630326,0.0,0.0,0.0,0.0,0.0,0.0,0.0
0.0,0.0,0.0001558885334630326,0.0,0.0,0.0,0.0,0.0,0.0,0.0,0.0,0.0
0.0,0.0,7.79442667315163e-05,0.0,0.0,0.0,0.0,0.0,0.0,0.0,0.0,0.0
0.0,0.0,7.79442667315163e-05,0.0,7.79442667315163e-05,0.0,0.0,0.0,0.0,0.0,0.0,0.0
0.0,0.0,0.0001558885334630326,0.0,0.0,0.0,0.0,0.0,0.0,0.0,0.0,0.0
0.0,0.0,0.0,0.0,0.0,0.0,0.0,0.0,0.0,0.0001558885334630326,0.0,0.0
0.0,0.0,0.0,0.0,0.0,0.0,0.0,0.0,7.79442667315163e-05,0.0,0.0,0.0
0.0,0.0,7.79442667315163e-05,0.0,0.0,0.0,0.0,0.0,0.0,0.0,0.0,0.0
0.0,0.0,0.0,0.0,0.0,0.0,0.0,7.79442667315163e-05,0.0,0.0,0.0,0.0001558885334630326
0.0,7.79442667315163e-05,0.0,0.0,0.0,0.0,0.0,7.79442667315163e-05,0.0,0.0,0.0,0.0
0.0,0.0,0.0,0.0,0.0,0.0,0.0,0.0,0.0,7.79442667315163e-05,0.0,0.0
0.0,0.0,7.79442667315163e-05,0.0,0.0,0.0,0.0,0.0,0.0,0.0,0.0,0.0
0.0,0.0,0.0,0.0,7.79442667315163e-05,0.0,0.0,0.0,0.0,0.0,0.0,0.0
0.0,0.0,0.0,0.0,0.0,0.0,0.0,0.0,0.0,7.79442667315163e-05,0.0,0.0
0.0,0.0,7.79442667315163e-05,0.0,7.79442667315163e-05,0.0,0.0,0.0,0.0,0.0,0.0,0.0
0.0,0.0,0.0,0.0,0.0,0.0,0.0,7.79442667315163e-05,0.0,0.0,0.0,0.0
0.0,0.0,7.79442667315163e-05,0.0,0.0,0.0,0.0,7.79442667315163e-05,0.0,0.0,0.0,0.0
0.0,0.0,7.79442667315163e-05,0.0,0.0,0.0,0.0,0.0,0.0,0.0,0.0,0.0
0.0,0.0,7.79442667315163e-05,0.0,0.0,0.0,0.0,0.0,0.0,0.0,0.0,0.0
0.0,0.0,0.0,0.0,7.79442667315163e-05,0.0,0.0,0.0,0.0,7.79442667315163e-05,0.0,0.0
0.0,0.0,7.79442667315163e-05,0.0,0.0,0.0,0.0,7.79442667315163e-05,0.0,0.0,0.0,0.0
0.0,0.0,0.0,0.0,0.0,0.0,0.0,7.79442667315163e-05,0.0,0.0,0.0,0.0
0.0,0.0,0.0,0.0,0.0,0.0,0.0,7.79442667315163e-05,0.0,0.0,0.0,0.0
0.0,0.0,0.0,0.0,7.79442667315163e-05,0.0,0.0,7.79442667315163e-05,0.0,0.0,0.0,0.0
0.0,0.0,0.0,0.0,0.0,0.0,0.0,0.0,0.0,0.0,7.79442667315163e-05,7.79442667315163e-05
0.0,0.0,0.0,0.0,0.0,0.0,0.0,0.0,0.0,0.0,0.0,7.79442667315163e-05
0.0,0.0,7.79442667315163e-05,0.0,0.0,0.0,0.0,0.0,0.0,0.0,0.0,0.0
0.0,0.0,0.0,0.0,7.79442667315163e-05,0.0,0.0,0.0,0.0,0.0,0.0,0.0
0.0,0.0,0.0,0.0,0.0001558885334630326,0.0,0.0,0.0,0.0,0.0,0.0,0.0
7.79442667315163e-05,0.0,0.0,0.0,0.0,0.0,0.0,0.0,0.0,0.0,0.0,0.0
0.0,0.0,0.0,7.79442667315163e-05,0.0,0.0,0.0,0.0,0.0,0.0,0.0,0.0
0.0,0.0,7.79442667315163e-05,0.0,0.0,0.0,0.0,0.0,0.0,0.0,0.0,0.0
0.0,0.0,7.79442667315163e-05,0.0,0.0,0.0,0.0,0.0,0.0,0.0,0.0,0.0
0.0,0.0,7.79442667315163e-05,0.0,7.79442667315163e-05,0.0,0.0,0.0,0.0,0.0,0.0,0.0
0.0,0.0,0.0,0.0,0.0,0.0,0.0,0.0,0.0,0.0,0.0,7.79442667315163e-05
0.0,0.0,7.79442667315163e-05,0.0,0.0,0.0,0.0,0.0,0.0,0.0,0.0,0.0
0.0,0.0,0.0,0.0,0.0,0.0,0.0,0.0,0.0,0.0,0.0,7.79442667315163e-05
0.0,0.0,0.0,0.0,0.0,0.0,0.0,0.0,0.0,7.79442667315163e-05,0.0,0.0
0.0,0.0,0.0,0.0,0.0,0.0,0.0,7.79442667315163e-05,0.0,0.0,0.0,0.0
0.0,0.0,0.0,0.0,0.0,0.0,0.0,0.0,0.0,0.0,0.0,7.79442667315163e-05
0.0,0.0,7.79442667315163e-05,0.0,0.0,0.0,0.0,0.0,0.0,0.0,0.0,0.0
0.0,0.0,7.79442667315163e-05,0.0,7.79442667315163e-05,0.0,0.0,0.0,0.0,0.0,0.0,0.0
0.0,0.0,0.0,0.0,0.0,0.0,0.0,0.0,0.0,0.0,7.79442667315163e-05,0.0
0.0,0.0,7.79442667315163e-05,0.0,7.79442667315163e-05,0.0,0.0,0.0,0.0,0.0,0.0,0.0
0.0,0.0,0.0001558885334630326,0.0,0.0,0.0,0.0,0.0,0.0,0.0,0.0,0.0
0.0,0.0,7.79442667315163e-05,0.0,0.0,0.0,0.0,0.0,0.0,0.0,0.0,0.0
0.0,0.0,0.0,0.0,0.0001558885334630326,0.0,0.0,0.0,0.0,0.0,0.0,0.0
0.0,0.0,7.79442667315163e-05,0.0,7.79442667315163e-05,0.0,0.0,0.0,0.0,0.0,0.0,0.0
0.0,0.0,7.79442667315163e-05,0.0,0.0,0.0,0.0,0.0,0.0,0.0,0.0,0.0
0.0,0.0,0.0,0.0,0.0,0.0,0.0,0.0,0.0,0.0,0.0,7.79442667315163e-05
0.0,0.0,0.0,0.0,0.0,0.0,0.0,0.0,0.0,0.0,0.0,0.0001558885334630326
7.79442667315163e-05,0.0,0.0,0.0,0.0,0.0,0.0,0.0,0.0,0.0,0.0,0.0
0.0,0.0,0.0,0.0,0.0,0.0,0.0,0.0,0.0,7.79442667315163e-05,0.0,0.0
0.0,0.0,0.0,7.79442667315163e-05,0.0,0.0,0.0,0.0,0.0,0.0,0.0,0.0
0.0,0.0,0.0,0.0,0.0,0.0,0.0,0.0,0.0,0.0,0.0,7.79442667315163e-05
0.0,0.0,0.0,0.0,7.79442667315163e-05,0.0,0.0,0.0,0.0,0.0,0.0,7.79442667315163e-05
0.0,0.0,0.0,0.0,7.79442667315163e-05,0.0,0.0,7.79442667315163e-05,0.0,0.0,0.0,0.0
0.0,0.0,0.0,0.0,0.0,0.0,0.0,7.79442667315163e-05,0.0,0.0,0.0,0.0
0.0,0.0,0.0,0.0,0.0,0.0,0.0,0.0,0.0,0.0,0.0,0.0001558885334630326
0.0,0.0,0.0,0.0,0.0001558885334630326,0.0,0.0,0.0,0.0,0.0,0.0,0.0
0.0,0.0,0.0,0.0,0.0001558885334630326,0.0,0.0,0.0,0.0,0.0,0.0,0.0
7.79442667315163e-05,0.0,0.0,0.0,0.0,0.0,0.0,0.0,0.0,0.0,0.0,0.0
0.0,0.0,0.0,0.0,0.0,0.0,0.0,7.79442667315163e-05,0.0,0.0,0.0,0.0
0.0,0.0,0.0,0.0,0.0,0.0,0.0,7.79442667315163e-05,0.0,0.0,0.0,0.0
0.0,0.0,7.79442667315163e-05,0.0,7.79442667315163e-05,0.0,0.0,0.0,0.0,0.0,0.0,0.0
0.0,0.0,0.0,0.0,0.0,0.0,0.0,0.0,0.0,7.79442667315163e-05,0.0,0.0
0.0,0.0,7.79442667315163e-05,0.0,0.0001558885334630326,0.0,0.0,0.0,0.0,0.0,0.0,0.0
0.0,0.0,0.0,0.0,0.0,0.0,7.79442667315163e-05,0.0,0.0,0.0,0.0,0.0
0.0,0.0,7.79442667315163e-05,0.0,0.0,0.0,0.0,0.0,0.0,0.0,0.0,0.0
0.0,0.0,0.0,0.0,0.0,0.0,0.0,0.0,0.0,0.0,0.0,0.0001558885334630326
0.0,0.0,0.0,0.0,0.0,0.0,0.0,0.0,0.0,0.0,0.0,7.79442667315163e-05
0.0,0.0,0.0,0.0,0.0,0.0,0.0,0.0,0.0,0.0,0.0,7.79442667315163e-05
0.0,0.0,0.0,0.0,0.0001558885334630326,0.0,0.0,0.0,0.0,0.0,0.0,0.0
0.0,0.0,0.0,0.0,7.79442667315163e-05,0.0,0.0,7.79442667315163e-05,0.0,0.0,0.0,0.0
0.0,0.0,0.0,0.0,0.0001558885334630326,0.0,0.0,0.0,0.0,0.0,0.0,0.0
0.0,0.0,0.0,0.0,0.0,0.0,0.0,7.79442667315163e-05,0.0,0.0,0.0,0.0
0.0,0.0,7.79442667315163e-05,0.0,0.0,0.0,0.0,0.0,0.0,0.0,0.0,0.0
0.0,0.0,7.79442667315163e-05,0.0,7.79442667315163e-05,0.0,0.0,0.0,0.0,0.0,0.0,0.0
0.0,0.0,7.79442667315163e-05,0.0,0.0,0.0,0.0,0.0,0.0,0.0,0.0,0.0
7.79442667315163e-05,0.0,7.79442667315163e-05,0.0,0.0,0.0,0.0,0.0,7.79442667315163e-05,0.0,0.0,0.0
0.0,0.0,0.0,0.0,0.0,0.0,7.79442667315163e-05,0.0,0.0,0.0,0.0,0.0
0.0,0.0,0.0,0.0,7.79442667315163e-05,0.0,0.0,0.0,0.0,0.0,0.0,0.0
0.0,0.0,0.0,0.0,0.0001558885334630326,0.0,0.0,0.0,0.0,0.0,0.0,0.0
0.0,0.0,0.0,0.0,0.0,0.0,0.0,7.79442667315163e-05,0.0,0.0,0.0,0.0
0.0,0.0,7.79442667315163e-05,0.0,0.0,0.0,0.0,0.0,0.0,0.0,0.0,7.79442667315163e-05
0.0,0.0,0.0,0.0,0.0,0.0,0.0,0.0,0.0,7.79442667315163e-05,0.0,0.0
0.0,0.0,0.0,0.0,7.79442667315163e-05,0.0,0.0,7.79442667315163e-05,0.0,0.0,0.0,0.0
7.79442667315163e-05,0.0,0.0,0.0,7.79442667315163e-05,0.0,0.0,0.0,0.0,0.0,0.0,7.79442667315163e-05
0.0,7.79442667315163e-05,0.0,0.0,0.0,0.0,0.0,0.0,0.0,0.0,0.0,0.0
0.0,0.0,0.0,0.0,7.79442667315163e-05,0.0,0.0,0.0,0.0,0.0,0.0,7.79442667315163e-05
0.0,0.0,0.0,0.0,0.0001558885334630326,0.0,0.0,0.0,0.0,0.0,0.0,0.0
0.0,0.0,7.79442667315163e-05,0.0,0.0,0.0,0.0,0.0,0.0,0.0,0.0,0.0
0.0,7.79442667315163e-05,0.0,0.0,0.0,0.0,0.0,0.0,0.0,0.0,0.0,0.0
0.0,7.79442667315163e-05,0.0,0.0,0.0,0.0,0.0,0.0,0.0,0.0,0.0,0.0
0.0,0.0,0.0,0.0,0.0,0.0,0.0,0.0,0.0,0.0,0.0,7.79442667315163e-05
0.0,0.0,0.0,0.0,0.0,0.0,0.0,0.0,0.0,7.79442667315163e-05,0.0,0.0
0.0,0.0,0.0,0.0,0.0,0.0,0.0,0.0,0.0,7.79442667315163e-05,0.0,0.0
0.0,0.0,7.79442667315163e-05,0.0,0.0,0.0,0.0,0.0,0.0,0.0,0.0,0.0
0.0,0.0,0.0,0.0,7.79442667315163e-05,0.0,0.0,0.0,0.0,0.0,0.0,7.79442667315163e-05
0.0,0.0,0.0,0.0,0.0,0.0,7.79442667315163e-05,0.0,0.0,0.0,0.0,0.0
0.0,0.0,0.0,0.0,7.79442667315163e-05,0.0,0.0,0.0,0.0,0.0,0.0,7.79442667315163e-05
0.0,0.0,0.0,0.0,0.0,0.0,0.0,0.0,7.79442667315163e-05,0.0,0.0,0.0
0.0,7.79442667315163e-05,0.0,0.0,7.79442667315163e-05,0.0,0.0,0.0,0.0,0.0,0.0,0.0
0.0,0.0,7.79442667315163e-05,0.0,0.0,0.0,0.0,0.0,0.0,7.79442667315163e-05,0.0,0.0
0.0,0.0,0.0,7.79442667315163e-05,0.0,0.0,0.0,0.0,0.0,0.0,0.0,0.0
0.0,0.0,0.0,7.79442667315163e-05,0.0,0.0,0.0,0.0,0.0,0.0,0.0,0.0
0.0,0.0,0.0,0.0,0.0001558885334630326,0.0,0.0,0.0,0.0,0.0,0.0,0.0
0.0,0.0,7.79442667315163e-05,0.0,0.0,0.0,0.0,0.0,0.0,0.0,0.0,0.0
7.79442667315163e-05,0.0,7.79442667315163e-05,0.0,0.0,0.0,0.0,0.0,0.0,0.0,0.0,0.0
7.79442667315163e-05,0.0,0.0,0.0,7.79442667315163e-05,0.0,0.0,0.0,0.0,0.0,0.0,0.0
0.0,0.0,0.0,0.0,0.0,0.0,0.0,0.0,7.79442667315163e-05,0.0,0.0,0.0
0.0,0.0,0.0,0.0,0.0,0.0,0.0,0.0,0.0,7.79442667315163e-05,0.0,0.0
0.0,7.79442667315163e-05,0.0,0.0,7.79442667315163e-05,0.0,0.0,0.0,0.0,0.0,0.0,7.79442667315163e-05
0.0,0.0,7.79442667315163e-05,0.0,7.79442667315163e-05,0.0,0.0,0.0,7.79442667315163e-05,0.0,0.0,0.0
0.0,0.0,0.0,0.0,0.0,0.0,0.0,0.0,0.0,7.79442667315163e-05,0.0,0.0
0.0,0.0,0.0,0.0,0.0,0.0,0.0,7.79442667315163e-05,0.0,0.0,0.0,0.0
0.0,0.0,0.0,0.0,0.0001558885334630326,0.0,0.0,7.79442667315163e-05,0.0,0.0,0.0,0.0
0.0,0.0,0.0,7.79442667315163e-05,0.0,0.0,0.0,0.0,0.0,0.0,0.0,0.0
7.79442667315163e-05,0.0,0.0,0.0,0.0,0.0,0.0,0.0,0.0,0.0,0.0,0.0
0.0,0.0,0.0,0.0,0.0,0.0,0.0,7.79442667315163e-05,0.0,0.0,0.0,0.0
0.0,0.0,0.0,0.0,7.79442667315163e-05,0.0,0.0,0.0,0.0,0.0,0.0,0.0
0.0,0.0,0.0,0.0001558885334630326,0.0,0.0,0.0,0.0,0.0,0.0,0.0,0.0
0.0,0.0,0.0,0.0,0.0,0.0,0.0,7.79442667315163e-05,0.0,0.0,0.0,0.0
7.79442667315163e-05,0.0,0.0,0.0,0.0,0.0,0.0,0.0,0.0,0.0,0.0,0.0
0.0,0.0,0.0,0.0,0.0,0.0,0.0,0.0,0.0,7.79442667315163e-05,0.0,7.79442667315163e-05
0.0,0.0,0.0,0.0,0.0001558885334630326,0.0,0.0,0.0,0.0,0.0,0.0,0.0
0.0,0.0,0.0,0.0,7.79442667315163e-05,0.0,0.0,7.79442667315163e-05,0.0,0.0,0.0,0.0
0.0,0.0,0.0,0.0,0.0,0.0,0.0,7.79442667315163e-05,0.0,0.0,0.0,0.0
0.0,0.0,7.79442667315163e-05,0.0,0.0,0.0,0.0,0.0,0.0,0.0,0.0,0.0
0.0,0.0,0.0,0.0,0.0,0.0,0.0,0.0,0.0,7.79442667315163e-05,0.0,0.0
0.0,0.0,7.79442667315163e-05,0.0,0.0,0.0,0.0,0.0,0.0,0.0,0.0,0.0
0.0,0.0,0.0,0.0,0.0,0.0,0.0,7.79442667315163e-05,0.0,0.0,0.0,0.0
0.0,0.0,0.0,0.0,0.0,0.0,7.79442667315163e-05,0.0,0.0,0.0,0.0,0.0
0.0,0.0,0.0,0.0,7.79442667315163e-05,0.0,0.0,0.0,0.0,0.0,7.79442667315163e-05,0.0
0.0,0.0,0.0,0.0,0.0,0.0,0.0,0.0,0.0,7.79442667315163e-05,0.0,0.0
0.0,0.0,0.0,0.0,0.0,0.0,7.79442667315163e-05,0.0,0.0,0.0,0.0,0.0
0.0,0.0,0.0,0.0,0.0001558885334630326,0.0,0.0,0.0,0.0,0.0,0.0,0.0
0.0,0.0,0.0,0.0,0.0001558885334630326,0.0,0.0,0.0,0.0,0.0,0.0,0.0
0.0,0.0,0.0,0.0,0.0,0.0,0.0,0.0,7.79442667315163e-05,0.0,0.0,0.0
0.0,0.0,7.79442667315163e-05,0.0,0.0,0.0,0.0,0.0,0.0,0.0,0.0,7.79442667315163e-05
0.0,7.79442667315163e-05,0.0,0.0,0.0,0.0,0.0,0.0,0.0,0.0,0.0,0.0
0.0,0.0,0.0,0.0,0.0,0.0,0.0,7.79442667315163e-05,0.0,0.0,0.0,0.0
0.0,0.0,0.0,0.0,0.0,0.0,0.0,0.0,0.0,7.79442667315163e-05,0.0,0.0
0.0,0.0,0.0,0.0,0.0,0.0,0.0,7.79442667315163e-05,0.0,0.0,0.0,0.0
7.79442667315163e-05,0.0,0.0,0.0,0.0,0.0,0.0,0.0,0.0,0.0,0.0,0.0
0.0,0.0,0.0,0.0,0.0,0.0,0.0,0.0,7.79442667315163e-05,0.0,0.0,0.0
0.0,0.0,0.0,0.0,7.79442667315163e-05,0.0,0.0,0.0,0.0,0.0,0.0,7.79442667315163e-05
0.0,0.0,7.79442667315163e-05,0.0,0.0,0.0,0.0,0.0,0.0,0.0,0.0,0.0
0.0,0.0,7.79442667315163e-05,0.0,0.0,0.0,0.0,0.0,0.0,0.0,0.0,0.0
0.0,0.0,0.0,0.0,0.0,0.0,0.0,0.0,0.0,7.79442667315163e-05,0.0,0.0
0.0,0.0,0.0,0.0,0.0,0.0,0.0,0.0,0.0,0.0,0.0,7.79442667315163e-05
0.0,0.0,0.0,0.0,0.0,0.0,0.0,7.79442667315163e-05,0.0,0.0,0.0,0.0
0.0,0.0,7.79442667315163e-05,0.0,0.0,0.0,0.0,0.0,0.0,0.0,0.0,0.0
0.0,0.0,0.0,0.0,7.79442667315163e-05,0.0,0.0,0.0,0.0,0.0,0.0,0.0
0.0,0.0,0.0,0.0,0.0,0.0,0.0,0.0,0.0,0.0,7.79442667315163e-05,0.0
0.0,0.0,0.0,0.0,7.79442667315163e-05,0.0,0.0,0.0,0.0,0.0,0.0,0.0
0.0,0.0,0.0,0.0,7.79442667315163e-05,0.0,0.0,0.0,0.0,0.0,0.0,0.0
0.0,0.0,7.79442667315163e-05,0.0,0.0,0.0,0.0,0.0,0.0,0.0,0.0,7.79442667315163e-05
0.0,0.0,0.0,0.0,0.0,0.0,0.0,0.0,0.0,7.79442667315163e-05,0.0,0.0
0.0,0.0,0.0,0.0,7.79442667315163e-05,0.0,7.79442667315163e-05,0.0,0.0,0.0,0.0,0.0
0.0,0.0,0.0,0.0,0.0,0.0,0.0,7.79442667315163e-05,0.0,0.0,0.0,0.0
0.0,0.0,0.0,0.0,0.0,0.0,0.0,0.0,7.79442667315163e-05,0.0,0.0,0.0
0.0,0.0,0.0,0.0,0.0,0.0,0.0,0.0,0.0,7.79442667315163e-05,0.0,0.0
0.0,0.0,0.0,0.0,0.0,0.0,7.79442667315163e-05,0.0,0.0,0.0,0.0,0.0
0.0,0.0,7.79442667315163e-05,0.0,0.0,0.0,0.0,0.0,0.0,0.0,0.0,0.0
0.0,0.0,0.0,0.0,0.0,0.0,0.0,7.79442667315163e-05,0.0,0.0,0.0,0.0
0.0,0.0,0.0,0.0,0.0,0.0,7.79442667315163e-05,0.0,0.0,0.0,0.0,0.0
0.0,7.79442667315163e-05,0.0,0.0,0.0,0.0,0.0,7.79442667315163e-05,0.0,0.0,0.0,0.0
0.0,0.0,0.0,0.0,7.79442667315163e-05,0.0,0.0,0.0,0.0,0.0,0.0,0.0
0.0,0.0,0.0,0.0,7.79442667315163e-05,0.0,0.0,0.0,0.0,0.0,0.0,7.79442667315163e-05
0.0,0.0,0.0,0.0,7.79442667315163e-05,0.0,0.0,7.79442667315163e-05,0.0,0.0,0.0,0.0
0.0,7.79442667315163e-05,0.0,0.0,0.0,0.0,0.0,0.0,0.0,0.0,0.0,0.0
0.0,0.0,7.79442667315163e-05,0.0,0.0,0.0,0.0,0.0,0.0,0.0,0.0,0.0
0.0,0.0,0.0,7.79442667315163e-05,0.0,0.0,0.0,0.0,0.0,0.0,0.0,0.0
0.0,0.0,0.0,0.0,0.0,0.0,0.0,0.0,0.0,0.0,0.0,7.79442667315163e-05
0.0,0.0,0.0,0.0,0.0,0.0,0.0,7.79442667315163e-05,0.0,0.0,0.0,0.0
0.0,0.0,0.0,0.0,0.0,0.0,0.0,7.79442667315163e-05,0.0,0.0,0.0,7.79442667315163e-05
0.0,0.0,7.79442667315163e-05,0.0,0.0,0.0,0.0,0.0,0.0,0.0,0.0,7.79442667315163e-05
0.0,0.0,0.0,0.0,0.0,0.0,0.0,7.79442667315163e-05,0.0,0.0,0.0,0.0
0.0,0.0,0.0,0.0,0.0,0.0,7.79442667315163e-05,0.0,0.0,0.0,0.0,0.0
0.0,0.0,0.0,0.0,0.0,0.0,7.79442667315163e-05,0.0,0.0,0.0,0.0,0.0
0.0,0.0,7.79442667315163e-05,0.0,0.0,0.0,0.0,0.0,0.0,0.0,0.0,0.0
0.0,0.0,0.0,0.0,7.79442667315163e-05,0.0,0.0,0.0,0.0,0.0,0.0,0.0
0.0,0.0,7.79442667315163e-05,0.0,0.0,0.0,0.0,0.0,0.0,0.0,0.0,0.0
0.0,0.0,0.0,0.0,0.0,0.0,0.0,0.0,7.79442667315163e-05,0.0,0.0,0.0
0.0,0.0,0.0,0.0,0.0,0.0,0.0,7.79442667315163e-05,0.0,0.0,0.0,0.0
0.0,0.0,0.0,0.0,0.0,0.0,0.0,7.79442667315163e-05,0.0,7.79442667315163e-05,0.0,0.0
0.0,0.0,7.79442667315163e-05,0.0,0.0,0.0,0.0,0.0,0.0,0.0,0.0,0.0
0.0,7.79442667315163e-05,0.0,0.0,0.0,0.0,0.0,0.0,0.0,0.0,0.0,0.0
0.0,0.0,0.0,0.0,0.0,0.0,0.0,0.0,0.0,7.79442667315163e-05,0.0,0.0
0.0,0.0,0.0,0.0,0.0,0.0,0.0,7.79442667315163e-05,0.0,0.0,0.0,0.0
0.0,0.0,7.79442667315163e-05,0.0,0.0,0.0,0.0,0.0,0.0,0.0,0.0,0.0
0.0,0.0,7.79442667315163e-05,0.0,0.0,0.0,0.0,0.0,0.0,0.0,0.0,0.0
0.0,0.0,0.0,0.0,0.0,0.0,0.0,0.0,0.0,7.79442667315163e-05,0.0,0.0
0.0,0.0,0.0,0.0,0.0001558885334630326,0.0,0.0,0.0,0.0,0.0,0.0,0.0
0.0,0.0,0.0,0.0,0.0001558885334630326,0.0,0.0,0.0,0.0,0.0,0.0,0.0
0.0,0.0,7.79442667315163e-05,0.0,0.0,0.0,0.0,0.0,0.0,0.0,0.0,0.0
0.0,0.0,7.79442667315163e-05,0.0,7.79442667315163e-05,0.0,0.0,0.0,0.0,0.0,0.0,0.0
0.0,0.0,0.0,0.0,0.0,0.0,0.0,7.79442667315163e-05,0.0,0.0,0.0,0.0
0.0,0.0,7.79442667315163e-05,0.0,7.79442667315163e-05,0.0,0.0,0.0,0.0,0.0,0.0,7.79442667315163e-05
0.0,0.0,0.0,0.0,7.79442667315163e-05,0.0,0.0,0.0,0.0,0.0,0.0,7.79442667315163e-05
0.0,0.0,0.0,0.0,7.79442667315163e-05,0.0,0.0,0.0,0.0,0.0,0.0,7.79442667315163e-05
0.0,0.0,7.79442667315163e-05,0.0,7.79442667315163e-05,0.0,0.0,0.0,0.0,0.0,0.0,0.0
0.0,0.0,0.0,0.0,7.79442667315163e-05,0.0,0.0,7.79442667315163e-05,0.0,0.0,0.0,0.0
0.0,0.0,0.0,0.0,0.0,0.0,0.0,7.79442667315163e-05,0.0,0.0,0.0,0.0
0.0,0.0,0.0,0.0,0.0,0.0,0.0,7.79442667315163e-05,0.0,0.0,0.0,7.79442667315163e-05
0.0,0.0,7.79442667315163e-05,0.0,0.0,0.0,0.0,0.0,0.0,0.0,0.0,7.79442667315163e-05
0.0,0.0,0.0,0.0,7.79442667315163e-05,0.0,0.0,7.79442667315163e-05,0.0,0.0,0.0,0.0
0.0,0.0,0.0,0.0,0.0,0.0,0.0,7.79442667315163e-05,0.0,0.0,0.0,0.0
0.0,0.0,0.0,0.0,0.0,0.0,0.0,7.79442667315163e-05,0.0,7.79442667315163e-05,0.0,0.0
0.0,0.0,0.0,0.0,0.0,0.0,7.79442667315163e-05,0.0,0.0,0.0,0.0,0.0
0.0,0.0,0.0,0.0,0.0,0.0,0.0,7.79442667315163e-05,0.0,0.0,0.0,0.0
0.0,0.0,0.0,0.0,7.79442667315163e-05,0.0,0.0,0.0,0.0,0.0,0.0,0.0
0.0,0.0,0.0,0.0,7.79442667315163e-05,0.0,0.0,7.79442667315163e-05,0.0,0.0,0.0,0.0
0.0,0.0,7.79442667315163e-05,0.0,0.0,0.0,0.0,0.0,0.0,0.0,0.0,0.0
7.79442667315163e-05,0.0,0.0,0.0,7.79442667315163e-05,0.0,0.0,0.0,0.0,0.0,0.0,0.0
0.0,0.0,7.79442667315163e-05,0.0,0.0,0.0,0.0,0.0,0.0,0.0,0.0,0.0
0.0,7.79442667315163e-05,0.0,0.0,0.0,0.0,0.0,0.0,0.0,0.0,0.0,0.0
0.0,0.0,0.0,0.0,0.0,0.0,0.0,7.79442667315163e-05,0.0,0.0,0.0,0.0
0.0,7.79442667315163e-05,0.0,0.0,0.0,0.0,0.0,0.0,0.0,0.0,0.0,0.0
0.0,0.0,7.79442667315163e-05,0.0,0.0,0.0,0.0,0.0,0.0,0.0,0.0,0.0
0.0,0.0,7.79442667315163e-05,0.0,0.0,0.0,0.0,0.0,0.0,0.0,0.0,0.0
0.0,0.0,0.0,0.0,7.79442667315163e-05,0.0,0.0,7.79442667315163e-05,0.0,0.0,0.0,0.0
0.0,0.0,0.0,0.0,7.79442667315163e-05,0.0,0.0,0.0,0.0,0.0,0.0,7.79442667315163e-05
0.0,7.79442667315163e-05,0.0,0.0,0.0,0.0,0.0,0.0,0.0,0.0,0.0,0.0
0.0,0.0,0.0,0.0,0.0,0.0,0.0,0.0,0.0,7.79442667315163e-05,0.0,0.0
0.0,0.0,0.0,0.0,0.0,0.0,0.0,0.0,0.0,0.0,0.0,7.79442667315163e-05
0.0,0.0,0.0,7.79442667315163e-05,0.0,0.0,0.0,0.0,0.0,0.0,0.0,0.0
0.0,0.0,0.0,0.0,0.0,0.0,0.0,7.79442667315163e-05,0.0,0.0,0.0,0.0
0.0,7.79442667315163e-05,0.0,0.0,0.0,0.0,0.0,0.0,0.0,0.0,0.0,0.0
0.0,0.0,7.79442667315163e-05,0.0,7.79442667315163e-05,0.0,0.0,0.0,0.0,0.0,0.0,0.0
0.0,0.0,0.0,0.0,7.79442667315163e-05,0.0,0.0,7.79442667315163e-05,0.0,0.0,0.0,0.0
0.0,0.0,7.79442667315163e-05,0.0,0.0,0.0,0.0,0.0,0.0,0.0,0.0,0.0
0.0,7.79442667315163e-05,0.0,0.0,0.0,0.0,0.0,0.0,0.0,0.0,0.0,0.0
0.0,0.0,0.0,7.79442667315163e-05,0.0,0.0,0.0,0.0,0.0,0.0,0.0,0.0
0.0,0.0,7.79442667315163e-05,0.0,0.0,0.0,0.0,0.0,0.0,0.0,0.0,0.0
0.0,0.0,7.79442667315163e-05,0.0,0.0,0.0,0.0,0.0,0.0,0.0,0.0,0.0
0.0,0.0,7.79442667315163e-05,0.0,0.0,0.0,0.0,0.0,0.0,7.79442667315163e-05,0.0,0.0
0.0,0.0,0.0,0.0,0.0,0.0,0.0,0.0,0.0,0.0,7.79442667315163e-05,0.0
0.0,0.0,0.0,0.0,0.0,0.0,0.0,0.0,0.0,0.0,0.0,7.79442667315163e-05
0.0,0.0,7.79442667315163e-05,0.0,7.79442667315163e-05,0.0,0.0,0.0,0.0,0.0,0.0,0.0
0.0,0.0,7.79442667315163e-05,0.0,0.0,0.0,0.0,0.0,0.0,0.0,0.0,0.0
0.0,0.0,7.79442667315163e-05,7.79442667315163e-05,0.0,0.0,0.0,0.0,0.0,0.0,0.0,0.0
0.0,0.0,0.0,0.0,7.79442667315163e-05,0.0,0.0,0.0,0.0,0.0,0.0,0.0
0.0,0.0,7.79442667315163e-05,0.0,0.0,0.0,0.0,0.0,0.0,0.0,0.0,0.0
0.0,0.0,0.0,0.0,0.0,0.0,0.0,0.0,0.0,7.79442667315163e-05,0.0,0.0
7.79442667315163e-05,7.79442667315163e-05,0.0,0.0,0.0,0.0,0.0,0.0,0.0,0.0,0.0,0.0
0.0,0.0,7.79442667315163e-05,0.0,0.0,0.0,0.0,0.0,0.0,0.0,0.0,0.0
0.0,0.0,0.0,0.0,0.0,0.0,0.0,0.0,0.0,0.0,0.0,7.79442667315163e-05
0.0,0.0,0.0,0.0,0.0,0.0,0.0,7.79442667315163e-05,0.0,0.0,0.0,0.0
0.0,0.0,7.79442667315163e-05,0.0,0.0,0.0,0.0,0.0,0.0,0.0,0.0,0.0
0.0,0.0,0.0,0.0,0.0,0.0,0.0,0.0,0.0,0.0,0.0,7.79442667315163e-05
0.0,7.79442667315163e-05,0.0,0.0,0.0,0.0,0.0,0.0,0.0,0.0,0.0,0.0
0.0,0.0,0.0,0.0,0.0,0.0,0.0,0.0,0.0,7.79442667315163e-05,0.0,0.0
0.0,0.0,0.0,0.0,7.79442667315163e-05,0.0,0.0,0.0,0.0,0.0,0.0,0.0
0.0,0.0,7.79442667315163e-05,0.0,7.79442667315163e-05,0.0,0.0,0.0,0.0,0.0,0.0,7.79442667315163e-05
0.0,0.0,0.0,0.0,0.0,0.0,0.0,7.79442667315163e-05,0.0,0.0,0.0,7.79442667315163e-05
0.0,0.0,7.79442667315163e-05,0.0,0.0,0.0,0.0,0.0,0.0,0.0,0.0,0.0
0.0,0.0,0.0,0.0,0.0001558885334630326,0.0,0.0,0.0,0.0,0.0,0.0,0.0
0.0,0.0,7.79442667315163e-05,0.0,7.79442667315163e-05,0.0,0.0,0.0,0.0,0.0,0.0,0.0
0.0,0.0,0.0,0.0,0.0,0.0,0.0,0.0,0.0,0.0,0.0,7.79442667315163e-05
0.0,0.0,0.0,0.0,7.79442667315163e-05,0.0,0.0,0.0,0.0,7.79442667315163e-05,0.0,0.0
0.0,0.0,0.0,0.0,7.79442667315163e-05,0.0,0.0,0.0,0.0,0.0,0.0,0.0
0.0,0.0,0.0,7.79442667315163e-05,0.0,0.0,0.0,0.0,0.0,0.0,0.0,0.0
0.0,0.0,7.79442667315163e-05,0.0,0.0,0.0,0.0,0.0,0.0,0.0,0.0,0.0
0.0,0.0,7.79442667315163e-05,0.0,7.79442667315163e-05,0.0,0.0,0.0,0.0,0.0,0.0,0.0
0.0,7.79442667315163e-05,0.0,0.0,0.0,0.0,0.0,0.0,0.0,0.0,0.0,0.0
7.79442667315163e-05,0.0,0.0,0.0,0.0,0.0,0.0,0.0,0.0,0.0,0.0,0.0
0.0,0.0,7.79442667315163e-05,0.0,7.79442667315163e-05,0.0,0.0,0.0,0.0,0.0,0.0,0.0
0.0,0.0,7.79442667315163e-05,0.0,0.0,0.0,0.0,0.0,0.0,0.0,0.0,0.0
0.0,0.0,7.79442667315163e-05,0.0,0.0,0.0,0.0,0.0,0.0,0.0,0.0,0.0
0.0,0.0,0.0,0.0,0.0,0.0,0.0,0.0,0.0,0.0,0.0,0.0001558885334630326
0.0,0.0,0.0,0.0,0.0,0.0,0.0,7.79442667315163e-05,0.0,0.0,0.0,0.0
0.0,0.0,0.0,0.0,0.0,0.0,0.0,0.0,0.0,7.79442667315163e-05,0.0,7.79442667315163e-05
0.0,0.0,7.79442667315163e-05,0.0,0.0,0.0,0.0,0.0,0.0,0.0,0.0,0.0
0.0,0.0,7.79442667315163e-05,0.0,0.0,0.0,0.0,0.0,0.0,0.0,0.0,0.0
0.0,0.0,7.79442667315163e-05,0.0,0.0,0.0,0.0,7.79442667315163e-05,0.0,0.0,0.0,0.0
0.0,0.0,0.0,0.0,0.0,0.0,0.0,0.0,0.0,0.0,7.79442667315163e-05,0.0
0.0,0.0,7.79442667315163e-05,0.0,0.0,0.0,0.0,0.0,0.0,0.0,0.0,0.0
0.0,0.0,0.0,0.0,0.0,0.0,0.0,7.79442667315163e-05,0.0,0.0,0.0,0.0
0.0,0.0,7.79442667315163e-05,0.0,0.0,0.0,0.0,0.0,0.0,0.0,0.0,0.0
0.0,0.0,0.0,0.0,7.79442667315163e-05,0.0,0.0,0.0,0.0,0.0,0.0,0.0
0.0,0.0,0.0,0.0,7.79442667315163e-05,0.0,0.0,0.0,0.0,0.0,0.0,7.79442667315163e-05
0.0,0.0,0.0,0.0,0.0,0.0,0.0,0.0,0.0,7.79442667315163e-05,0.0,0.0
0.0,0.0,0.0,0.0,7.79442667315163e-05,0.0,0.0,0.0,0.0,7.79442667315163e-05,0.0,0.0
0.0,0.0,0.0,0.0,0.0,0.0,0.0,0.0,0.0,7.79442667315163e-05,0.0,0.0
0.0,0.0,7.79442667315163e-05,0.0,7.79442667315163e-05,0.0,0.0,0.0,0.0,0.0,0.0,0.0
0.0,0.0,0.0,0.0,7.79442667315163e-05,0.0,0.0,0.0,0.0,7.79442667315163e-05,0.0,0.0
0.0,0.0,0.0,0.0,7.79442667315163e-05,0.0,7.79442667315163e-05,0.0,0.0,0.0,0.0,0.0
0.0,0.0,7.79442667315163e-05,0.0,0.0,0.0,0.0,7.79442667315163e-05,0.0,0.0,0.0,0.0
0.0,0.0,0.0,7.79442667315163e-05,0.0,0.0,0.0,0.0,0.0,0.0,0.0,0.0
0.0,0.0,0.0,0.0,0.0001558885334630326,0.0,0.0,0.0,0.0,0.0,0.0,0.0
0.0,0.0,7.79442667315163e-05,0.0,0.0,0.0,0.0,0.0,0.0,0.0,0.0,0.0
0.0,7.79442667315163e-05,0.0,0.0,0.0,0.0,0.0,0.0,0.0,0.0,0.0,0.0
0.0,0.0,0.0,0.0,0.0,0.0,0.0,7.79442667315163e-05,0.0,0.0,0.0,0.0
0.0,7.79442667315163e-05,0.0,0.0,7.79442667315163e-05,0.0,0.0,0.0,0.0,0.0,0.0,0.0
0.0,0.0,0.0,0.0,0.0,0.0,0.0,0.0,0.0,0.0,0.0,7.79442667315163e-05
0.0,0.0,0.0,0.0,0.0,0.0,7.79442667315163e-05,0.0,0.0,0.0,0.0,0.0
0.0,0.0,0.0,0.0,0.0001558885334630326,0.0,0.0,0.0,0.0,0.0,0.0,0.0
0.0,0.0,0.0,0.0,7.79442667315163e-05,0.0,0.0,7.79442667315163e-05,0.0,0.0,0.0,0.0
0.0,0.0,0.0,0.0,7.79442667315163e-05,0.0,0.0,0.0,0.0,0.0,0.0,0.0
0.0,0.0,0.0,0.0,0.0,0.0,7.79442667315163e-05,0.0,0.0,0.0,0.0,0.0
7.79442667315163e-05,7.79442667315163e-05,0.0,0.0,0.0,0.0,0.0,0.0,0.0,0.0,0.0,0.0
0.0,0.0,0.0,0.0,7.79442667315163e-05,0.0,0.0,0.0,0.0,0.0,0.0,0.0
0.0,0.0,7.79442667315163e-05,0.0,0.0,0.0,0.0,0.0,0.0,0.0,0.0,0.0
0.0,0.0,0.0,0.0,7.79442667315163e-05,0.0,0.0,0.0,0.0,7.79442667315163e-05,0.0,0.0
0.0,0.0,7.79442667315163e-05,0.0,0.0,0.0,0.0,0.0,0.0,0.0,0.0,0.0
0.0,0.0,0.0,0.0,0.0,0.0,0.0,0.0,0.0,0.0,0.0,0.0001558885334630326
0.0,0.0,7.79442667315163e-05,0.0,0.0,0.0,0.0,0.0,0.0,0.0,0.0,0.0
0.0,0.0,0.0,0.0,0.0001558885334630326,0.0,0.0,0.0,0.0,0.0,0.0,0.0
0.0,0.0,0.0,0.0,7.79442667315163e-05,0.0,0.0,0.0,0.0,0.0,0.0,7.79442667315163e-05
0.0,0.0,0.0,0.0,0.0001558885334630326,0.0,0.0,0.0,0.0,0.0,0.0,0.0
0.0,0.0,0.0,0.0,0.0001558885334630326,0.0,0.0,0.0,0.0,0.0,0.0,0.0
0.0,0.0,7.79442667315163e-05,0.0,0.0,0.0,0.0,0.0,0.0,0.0,0.0,0.0
0.0,0.0,7.79442667315163e-05,0.0,0.0,0.0,0.0,0.0,0.0,0.0,0.0,0.0
0.0,0.0,0.0,0.0,0.0,0.0,0.0,0.0,0.0,7.79442667315163e-05,0.0,0.0
0.0,0.0,0.0,0.0,0.0,0.0,0.0,0.0,7.79442667315163e-05,0.0,0.0,0.0
7.79442667315163e-05,0.0,0.0,0.0,0.0,0.0,0.0,0.0,0.0,0.0,0.0,0.0
0.0,0.0,0.0,0.0,0.0,0.0,0.0,7.79442667315163e-05,0.0,0.0,0.0,0.0
0.0,0.0,0.0,0.0,0.0,0.0,0.0,7.79442667315163e-05,0.0,0.0,0.0,0.0
7.79442667315163e-05,0.0,0.0,0.0,0.0,0.0,0.0,0.0,0.0,0.0,0.0,0.0
0.0,0.0,7.79442667315163e-05,0.0,0.0,0.0,0.0,0.0,0.0,0.0,0.0,0.0
0.0,0.0,0.0,0.0,7.79442667315163e-05,0.0,7.79442667315163e-05,0.0,0.0,7.79442667315163e-05,0.0,0.0
0.0,0.0,0.0,0.0,7.79442667315163e-05,0.0,0.0,7.79442667315163e-05,0.0,0.0,0.0,0.0
0.0,0.0,7.79442667315163e-05,0.0,0.0,0.0,0.0,0.0,0.0,0.0,0.0,0.0
7.79442667315163e-05,0.0,0.0,0.0,0.0,0.0,0.0,0.0,0.0,0.0,0.0,0.0
0.0,0.0,0.0,0.0,0.0,0.0,0.0,0.0,0.0,7.79442667315163e-05,0.0,0.0
0.0,0.0,7.79442667315163e-05,0.0,0.0,0.0,0.0,0.0,0.0,0.0,0.0,0.0
0.0,0.0,7.79442667315163e-05,0.0,0.0,0.0,0.0,0.0,0.0,0.0,0.0,0.0
0.0,0.0,0.0,0.0,0.0,0.0,0.0,7.79442667315163e-05,0.0,0.0,0.0,0.0
0.0,0.0,0.0,0.0,7.79442667315163e-05,0.0,0.0,0.0,0.0,0.0,0.0,0.0
0.0,0.0,7.79442667315163e-05,0.0,0.0,0.0,0.0,0.0,0.0,0.0,0.0,0.0
0.0,0.0,7.79442667315163e-05,0.0,7.79442667315163e-05,0.0,0.0,0.0,0.0,0.0,0.0,7.79442667315163e-05
0.0,0.0,0.0,0.0,0.0,0.0,0.0,0.0,0.0,7.79442667315163e-05,0.0,0.0
7.79442667315163e-05,0.0,0.0,0.0,0.0,0.0,0.0,0.0,0.0,0.0,0.0,0.0
0.0,0.0,0.0,0.0,0.0001558885334630326,0.0,0.0,0.0,0.0,0.0,0.0,0.0
0.0,0.0,0.0,0.0,0.0,0.0,0.0,7.79442667315163e-05,0.0,0.0,0.0,0.0
7.79442667315163e-05,0.0,0.0,0.0,0.0,0.0,0.0,0.0,0.0,0.0,0.0,0.0
0.0,0.0,0.0,0.0,0.0,0.0,0.0,0.0,0.0,7.79442667315163e-05,0.0,0.0
0.0,0.0,7.79442667315163e-05,0.0,0.0,0.0,0.0,7.79442667315163e-05,0.0,0.0,0.0,0.0
0.0,0.0,0.0,0.0,0.0001558885334630326,0.0,0.0,0.0,0.0,0.0,0.0,0.0
0.0,0.0,0.0,0.0,0.0,0.0,0.0,7.79442667315163e-05,0.0,0.0,0.0,0.0
7.79442667315163e-05,0.0,0.0,0.0,0.0,0.0,0.0,0.0,0.0,0.0,0.0,0.0
0.0,0.0,0.0,0.0,0.0,0.0,7.79442667315163e-05,0.0,0.0,0.0,0.0,0.0
0.0,0.0,7.79442667315163e-05,0.0,0.0,0.0,0.0,0.0,0.0,0.0,0.0,0.0
0.0,0.0,0.0,0.0,7.79442667315163e-05,0.0,0.0,7.79442667315163e-05,0.0,0.0,0.0,0.0
0.0,0.0,0.0,0.0,7.79442667315163e-05,0.0,0.0,0.0,0.0,7.79442667315163e-05,0.0,0.0
0.0,0.0,0.0,0.0,0.0,0.0,0.0,0.0,0.0,0.0,0.0,7.79442667315163e-05
0.0,0.0,0.0,0.0,7.79442667315163e-05,0.0,0.0,0.0,0.0,7.79442667315163e-05,0.0,0.0
0.0,0.0,0.0,0.0,7.79442667315163e-05,0.0,0.0,0.0,0.0,7.79442667315163e-05,0.0,0.0
7.79442667315163e-05,0.0,0.0,0.0,0.0,0.0,0.0,0.0,0.0,0.0,0.0,0.0
0.0,0.0,0.0,0.0,0.0001558885334630326,0.0,0.0,0.0,0.0,0.0,0.0,0.0
0.0,0.0,0.0,0.0,7.79442667315163e-05,0.0,0.0,7.79442667315163e-05,0.0,0.0,0.0,0.0
7.79442667315163e-05,0.0,0.0,0.0,0.0,0.0,0.0,0.0,0.0,0.0,0.0,0.0
0.0,0.0,0.0,0.0,0.0001558885334630326,0.0,0.0,7.79442667315163e-05,0.0,0.0,0.0,0.0
0.0,0.0,7.79442667315163e-05,0.0,0.0,0.0,0.0,0.0,0.0,0.0,0.0,0.0
0.0,0.0,0.0001558885334630326,0.0,0.0,0.0,0.0,0.0,0.0,0.0,0.0,0.0
0.0,0.0,0.0,0.0,0.0,0.0,0.0,7.79442667315163e-05,0.0,0.0,0.0,0.0
0.0,7.79442667315163e-05,0.0,0.0,0.0,0.0,0.0,0.0,0.0,0.0,0.0,0.0
7.79442667315163e-05,0.0,0.0,0.0,7.79442667315163e-05,0.0,0.0,0.0,0.0,0.0,0.0,0.0
0.0,0.0,0.0,0.0,7.79442667315163e-05,0.0,0.0,0.0,0.0,0.0,0.0,7.79442667315163e-05
0.0,0.0,0.0,0.0,0.0,0.0,0.0,0.0,0.0,7.79442667315163e-05,0.0,0.0
0.0,0.0,0.0,0.0,0.0,0.0,0.0,7.79442667315163e-05,0.0,0.0,0.0,0.0
0.0,0.0,7.79442667315163e-05,0.0,0.0,0.0,0.0,0.0,0.0,0.0,0.0,0.0
0.0,0.0,7.79442667315163e-05,0.0,7.79442667315163e-05,0.0,0.0,0.0,0.0,7.79442667315163e-05,0.0,0.0
0.0,0.0,7.79442667315163e-05,0.0,7.79442667315163e-05,0.0,0.0,0.0,0.0,7.79442667315163e-05,0.0,0.0
0.0,0.0,7.79442667315163e-05,0.0,7.79442667315163e-05,0.0,0.0,7.79442667315163e-05,0.0,0.0,0.0,0.0
0.0,0.0,0.0,0.0,0.0,0.0,0.0,0.0,0.0,7.79442667315163e-05,0.0,0.0
0.0,0.0,0.0,0.0,0.0,0.0,0.0,7.79442667315163e-05,0.0,0.0,0.0,0.0
0.0,0.0,0.0,0.0,0.0001558885334630326,0.0,0.0,7.79442667315163e-05,0.0,0.0,0.0,0.0
7.79442667315163e-05,0.0,0.0,0.0,0.0,0.0,0.0,0.0,0.0,0.0,0.0,0.0
0.0,0.0,0.0,0.0,7.79442667315163e-05,0.0,0.0,7.79442667315163e-05,0.0,0.0,0.0,0.0
0.0,0.0,0.0,0.0,0.0001558885334630326,0.0,0.0,0.0,0.0,0.0,0.0,0.0
0.0,0.0,7.79442667315163e-05,0.0,0.0,0.0,0.0,0.0,0.0,0.0,0.0,0.0
0.0,0.0,0.0,0.0,0.0,0.0,0.0,7.79442667315163e-05,0.0,0.0,0.0,0.0
0.0,0.0,0.0,0.0,0.0,0.0,0.0,7.79442667315163e-05,0.0,0.0,0.0,0.0
0.0,0.0,0.0,0.0,0.0001558885334630326,0.0,0.0,0.0,0.0,0.0,0.0,0.0
0.0,0.0,7.79442667315163e-05,0.0,0.0,0.0,0.0,0.0,0.0,0.0,0.0,0.0
0.0,0.0,0.0,0.0,7.79442667315163e-05,0.0,0.0,0.0,0.0,0.0,0.0,7.79442667315163e-05
0.0,0.0,0.0,0.0,0.0,0.0,0.0,0.0,0.0,0.0,0.0,0.0001558885334630326
0.0,0.0,0.0,0.0,0.0,0.0,7.79442667315163e-05,0.0,0.0,7.79442667315163e-05,0.0,0.0
0.0,0.0,7.79442667315163e-05,0.0,0.0,0.0,0.0,0.0,0.0,0.0,0.0,0.0
0.0,0.0,0.0,0.0,0.0,0.0,0.0,0.0,0.0,7.79442667315163e-05,0.0,0.0
7.79442667315163e-05,0.0,0.0,0.0,0.0,0.0,0.0,0.0,0.0,0.0,0.0,0.0
7.79442667315163e-05,0.0,0.0,0.0,0.0,0.0,0.0,0.0,0.0,0.0,0.0,0.0
0.0,7.79442667315163e-05,0.0,0.0,0.0,0.0,0.0,0.0,0.0,0.0,0.0,0.0
0.0,0.0,0.0,0.0,0.0,0.0,0.0,0.0,0.0,0.0,0.0,7.79442667315163e-05
0.0,0.0,0.0,0.0,0.0,0.0,0.0,7.79442667315163e-05,0.0,0.0,0.0,0.0
0.0,0.0,7.79442667315163e-05,0.0,7.79442667315163e-05,0.0,0.0,7.79442667315163e-05,0.0,0.0,0.0,0.0
0.0,0.0,0.0,0.0,0.0,0.0,0.0,7.79442667315163e-05,0.0,0.0,0.0,0.0
7.79442667315163e-05,0.0,0.0,0.0,0.0,0.0,0.0,0.0,0.0,0.0,0.0,0.0
0.0,0.0,0.0,0.0,0.0,0.0,0.0,7.79442667315163e-05,0.0,0.0,0.0,0.0
0.0,0.0,0.0,0.0,0.0,0.0,0.0,7.79442667315163e-05,0.0,0.0,0.0,0.0
0.0,0.0,0.0,0.0,7.79442667315163e-05,0.0,0.0,0.0,0.0,0.0,0.0,7.79442667315163e-05
0.0,0.0,7.79442667315163e-05,0.0,0.0,0.0,0.0,7.79442667315163e-05,0.0,0.0,0.0,0.0
0.0,0.0,0.0,0.0,0.0,0.0,0.0,0.0,0.0,7.79442667315163e-05,0.0,7.79442667315163e-05
0.0,0.0,0.0,7.79442667315163e-05,0.0,0.0,0.0,0.0,0.0,0.0,0.0,0.0
0.0,0.0,7.79442667315163e-05,0.0,7.79442667315163e-05,0.0,0.0,0.0,0.0,0.0,0.0,0.0
0.0,0.0,0.0,0.0,0.0,0.0,7.79442667315163e-05,7.79442667315163e-05,0.0,7.79442667315163e-05,0.0,0.0
0.0,0.0,0.0,0.0,0.0001558885334630326,0.0,0.0,0.0,0.0,0.0,0.0,0.0
0.0,0.0,0.0,0.0,0.0,0.0,0.0,0.0,0.0,7.79442667315163e-05,0.0,0.0
0.0,0.0,0.0,7.79442667315163e-05,0.0,0.0,0.0,0.0,0.0,0.0,0.0,7.79442667315163e-05
0.0,0.0,0.0,0.0,0.0,0.0,0.0,0.0,0.0,7.79442667315163e-05,0.0,0.0
0.0,0.0,0.0,0.0,0.0,0.0,0.0,0.0,7.79442667315163e-05,0.0,0.0,0.0
0.0,0.0,0.0,0.0,0.0,0.0,0.0,0.0,0.0,0.0,0.0,0.0002338328001945489
0.0,0.0,0.0,0.0,0.0,0.0,0.0,0.0,0.0,7.79442667315163e-05,0.0,0.0
0.0,0.0,7.79442667315163e-05,0.0,0.0,0.0,0.0,0.0,0.0,0.0,0.0,0.0
0.0,0.0,0.0,0.0,7.79442667315163e-05,0.0,0.0,7.79442667315163e-05,0.0,0.0,0.0,0.0
0.0,0.0,0.0,0.0,0.0,0.0,0.0,0.0,0.0,7.79442667315163e-05,0.0,0.0
0.0,0.0,7.79442667315163e-05,0.0,0.0,0.0,0.0,0.0,0.0,0.0,0.0,0.0
0.0,7.79442667315163e-05,7.79442667315163e-05,0.0,0.0,0.0,0.0,0.0,0.0,0.0,0.0,0.0
0.0,0.0,0.0,0.0,0.0001558885334630326,0.0,0.0,0.0,0.0,0.0,0.0,0.0
0.0,0.0,0.0,0.0,0.0,0.0,0.0,7.79442667315163e-05,0.0,0.0,0.0,0.0
0.0,0.0,0.0,0.0,7.79442667315163e-05,0.0,0.0,0.0,0.0,0.0,0.0,7.79442667315163e-05
0.0,0.0,7.79442667315163e-05,0.0,0.0,0.0,0.0,0.0,0.0,0.0,0.0,0.0
0.0,0.0,0.0,0.0,0.0,0.0,0.0,7.79442667315163e-05,0.0,0.0,0.0,0.0
0.0,0.0,0.0,0.0,0.0,0.0,0.0,0.0,0.0,7.79442667315163e-05,0.0,7.79442667315163e-05
0.0,0.0,0.0,0.0,0.0,7.79442667315163e-05,0.0,0.0,0.0,0.0,0.0,0.0
0.0,7.79442667315163e-05,0.0,0.0,0.0,0.0,0.0,7.79442667315163e-05,0.0,0.0,0.0,7.79442667315163e-05
0.0,0.0,7.79442667315163e-05,0.0,7.79442667315163e-05,0.0,0.0,0.0,0.0,0.0,0.0,0.0
0.0,7.79442667315163e-05,0.0001558885334630326,0.0,0.0,0.0,0.0,0.0,0.0,0.0,0.0,0.0
0.0,7.79442667315163e-05,0.0001558885334630326,0.0,0.0001558885334630326,0.0,0.0,0.0,0.0,0.0,0.0,0.0
0.0,0.0,0.0001558885334630326,0.0,0.0,0.0,0.0,0.0,0.0,0.0,0.0,0.0
0.0,7.79442667315163e-05,0.0001558885334630326,0.0,7.79442667315163e-05,0.0,0.0,0.0,0.0,0.0,0.0,0.0
0.0,0.0001558885334630326,0.0001558885334630326,7.79442667315163e-05,0.0,7.79442667315163e-05,7.79442667315163e-05,7.79442667315163e-05,0.0,7.79442667315163e-05,0.0,0.0
0.0,0.0001558885334630326,0.0002338328001945489,0.0,0.0,0.0,0.0,0.0,0.0,7.79442667315163e-05,0.0,0.0
0.0,7.79442667315163e-05,0.0002338328001945489,0.0,0.0,0.0,0.0,0.0,7.79442667315163e-05,0.0,0.0,0.0
0.0,0.0,0.0,0.0,7.79442667315163e-05,0.0,0.0,0.0,0.0,0.0,0.0,7.79442667315163e-05
0.0,0.0,0.0,0.0,0.0001558885334630326,0.0,0.0,0.0,0.0,0.0,0.0,0.0
0.0,0.0,0.0,0.0,0.0001558885334630326,0.0,0.0,0.0,0.0,0.0,0.0,7.79442667315163e-05
0.0,0.0,7.79442667315163e-05,0.0,0.0,0.0,0.0,0.0,0.0,0.0,0.0,0.0
0.0,0.0,0.0,0.0,7.79442667315163e-05,0.0,0.0,7.79442667315163e-05,0.0,0.0,0.0,7.79442667315163e-05
0.0,0.0,0.0,7.79442667315163e-05,0.0,0.0,0.0,0.0,0.0,7.79442667315163e-05,0.0,0.0
0.0,7.79442667315163e-05,0.0,0.0,7.79442667315163e-05,0.0,0.0,0.0,0.0,0.0,0.0,0.0
0.0,0.0,0.0,0.0,0.0,0.0,0.0,0.0,0.0,0.0,0.0,7.79442667315163e-05
0.0,0.0,0.0,0.0,0.0001558885334630326,0.0,0.0,0.0,0.0,0.0,0.0,0.0
0.0,0.0,0.0,7.79442667315163e-05,0.0,0.0,0.0,0.0,0.0,0.0,0.0,7.79442667315163e-05
0.0,0.0,0.0,0.0,0.0,0.0,0.0,7.79442667315163e-05,0.0,0.0,0.0,0.0
0.0,0.0,0.0,0.0,0.0001558885334630326,0.0,0.0,0.0,0.0,0.0,0.0,7.79442667315163e-05
0.0,0.0,0.0,0.0,7.79442667315163e-05,0.0,0.0,7.79442667315163e-05,0.0,0.0,0.0,0.0
0.0,0.0,0.0,0.0,7.79442667315163e-05,0.0,0.0,7.79442667315163e-05,0.0,0.0,0.0,0.0
0.0,0.0,0.0,0.0,0.0,0.0,0.0,0.0,0.0,7.79442667315163e-05,0.0,0.0
0.0,0.0,0.0,0.0,0.0,0.0,0.0,0.0,0.0,7.79442667315163e-05,0.0,0.0
0.0,0.0,0.0,0.0,7.79442667315163e-05,0.0,0.0,0.0,0.0,0.0,0.0,0.0
0.0,0.0,0.0,0.0,0.0,0.0,0.0,0.0,0.0,0.0,0.0,7.79442667315163e-05
0.0,0.0,7.79442667315163e-05,0.0,0.0,0.0,0.0,7.79442667315163e-05,0.0,0.0,0.0,0.0
0.0,0.0,0.0,0.0,7.79442667315163e-05,0.0,0.0,7.79442667315163e-05,0.0,0.0,0.0,0.0
0.0,0.0,0.0001558885334630326,0.0,0.0,0.0,0.0,0.0,0.0,0.0,0.0,0.0
0.0,0.0,7.79442667315163e-05,0.0,0.0,0.0,0.0,0.0,0.0,0.0,0.0,0.0
0.0,0.0,7.79442667315163e-05,0.0,0.0,0.0,0.0,0.0,0.0,0.0,0.0,0.0
0.0,0.0,7.79442667315163e-05,0.0,0.0,0.0,0.0,0.0,0.0,0.0,0.0,0.0
0.0,0.0,0.0,0.0,0.0001558885334630326,0.0,0.0,0.0,0.0,0.0,0.0,0.0
0.0,0.0,0.0,0.0,0.0,0.0,0.0,0.0,0.0,0.0,0.0,7.79442667315163e-05
0.0,0.0,7.79442667315163e-05,0.0,0.0,0.0,0.0,0.0,0.0,0.0,0.0,0.0
0.0,0.0,0.0,0.0,7.79442667315163e-05,0.0,0.0,0.0,0.0,0.0,0.0,7.79442667315163e-05
0.0,0.0,0.0,0.0,0.0,0.0,0.0,7.79442667315163e-05,0.0,0.0,0.0,7.79442667315163e-05
0.0,0.0,7.79442667315163e-05,0.0,0.0,0.0,0.0,0.0,0.0,0.0,0.0,7.79442667315163e-05
0.0,0.0,0.0,0.0,0.0,0.0,0.0,0.0,7.79442667315163e-05,0.0,0.0,0.0
0.0,0.0,0.0,0.0,7.79442667315163e-05,0.0,0.0,0.0,0.0,0.0,0.0,7.79442667315163e-05
0.0,0.0,0.0,0.0,0.0,0.0,0.0,0.0,0.0,0.0,7.79442667315163e-05,0.0
0.0,0.0,0.0,0.0,7.79442667315163e-05,0.0,0.0,7.79442667315163e-05,0.0,0.0,0.0,0.0
0.0,0.0,0.0,0.0,0.0,0.0,0.0,0.0,0.0,7.79442667315163e-05,0.0,0.0
0.0,0.0,0.0,7.79442667315163e-05,0.0,0.0,0.0,0.0,0.0,0.0,0.0,0.0
